Voltage_measured,Current_measured,Temperature_measured,Current_charge,Voltage_charge,Time,
3.2527192825719500,-0.0023061368707441100,10.145593777919800,-0.0006,0.002,0.0,
3.5004387247784700,1.4904101251373100,10.111283180421500,1.4995,4.402,2.578000000000000,
3.556958411429690,1.490457532650640,10.084489532602300,1.4995,4.491,8.968000000000000,
3.5934466824275000,1.490580379526510,10.030900301792800,1.4995,4.517,15.281000000000000,
3.6241239839954600,1.491284261116270,9.951096686477610,1.4995,4.555,21.609,
3.6510465132896100,1.49208076871663,9.88733214357149,1.4995,4.58,27.89,
3.6750450846938300,1.4927055119098100,9.843658840602050,1.4995,4.605,34.187,
3.6969923699942800,1.4902192410780500,9.778250915591950,1.4995,4.631,40.484,
3.7170130801105600,1.4899641978181500,9.73471743346374,1.4995,4.643,46.781,
3.7354390070832500,1.4919122682281500,9.660352944184410,1.4995,4.669,53.062,
3.752536949653980,1.4912604368072600,9.613424813406030,1.4995,4.681,59.359,
3.7685753924698100,1.4904872316615800,9.540883458262050,1.4995,4.694,65.64,
3.7837099659533300,1.4896082691621700,9.486424652847700,1.4995,4.707,71.937,
3.797726897155160,1.4909304676397000,9.478507183247160,1.4995,4.719,78.203,
3.811144891032140,1.491430830223380,9.403174032661000,1.4995,4.745,84.48400000000000,
3.8235607754417300,1.489602617265480,9.371921420253390,1.4995,4.757,90.765,
3.8354488502200200,1.4920934357423500,9.30237094129355,1.4995,4.757,97.031,
3.846878932893600,1.4907634982177600,9.276527511407850,1.4995,4.77,103.312,
3.8576571032579200,1.491502521521770,9.236318416168020,1.4995,4.783,109.578,
3.8675357151433900,1.4896835212283900,9.191893258330760,1.4995,4.796,115.843,
3.8770100632612600,1.4893755743080700,9.131693896898070,1.4995,4.808,122.125,
3.8861671354949400,1.4908380703080000,9.101348619799020,1.4995,4.821,128.39,
3.8945880248573500,1.4918124374914500,9.05129887877643,1.4995,4.821,134.656,
3.9027190051214200,1.490516861756000,9.010594486810300,1.4995,4.834,140.953,
3.909967256086860,1.491386509039570,8.985640577566800,1.4995,4.834,147.21800000000000,
3.9173753728963500,1.4911613184303700,8.944671963018860,1.4995,4.846,153.89,
3.9239119376935500,1.4905771507372200,8.914201232962870,1.4995,4.846,160.265,
3.930202753806300,1.4909343311716300,8.895322087576000,1.4995,4.859,166.64,
3.9358406657287400,1.4905633008179400,8.873915964335550,1.4995,4.859,173.09300000000000,
3.9412613620073800,1.490513496550350,8.85391792442938,1.4995,4.859,179.46800000000000,
3.9460535456958800,1.4929884535465500,8.793562433346230,1.4995,4.872,185.921,
3.9507058994201700,1.4914050639249500,8.770765614606180,1.4995,4.872,192.312,
3.954897912879510,1.4921898060386900,8.746856173951850,1.4995,4.872,198.765,
3.9584990426733600,1.4901624576544500,8.729730153896680,1.4995,4.884,205.171,
3.962049342660300,1.491271551088880,8.692787048540830,1.4995,4.884,211.546,
3.965346060620920,1.4924935626695200,8.669681537748370,1.4995,4.884,217.984,
3.968385453465470,1.4915459807016200,8.639176775512380,1.4995,4.897,224.39,
3.9710921433886500,1.4908758340598300,8.616813218058890,1.4995,4.897,230.828,
3.9740698933417500,1.4918788346322800,8.603639978034100,1.4995,4.897,237.234,
3.976546219962510,1.492051776153240,8.581480080090470,1.4995,4.897,243.625,
3.9790323067633600,1.4907197338244800,8.561872864232290,1.4995,4.91,250.078,
3.981451457963320,1.4914183769099500,8.545637036182620,1.4995,4.91,256.437,
3.9837310758241100,1.4914145648078100,8.520999306675230,1.4995,4.91,262.796,
3.9861104829533100,1.4927554368240100,8.49485472535754,1.4995,4.91,269.203,
3.988155735519450,1.4926023326964400,8.46080147480089,1.4995,4.91,275.64,
3.9903724384948700,1.49235534173918,8.44122788847711,1.4995,4.91,282.046,
3.9923919046183000,1.4924209088575700,8.439744054044530,1.4995,4.922,288.437,
3.994703994913,1.4929288586190900,8.428042378700790,1.4995,4.922,294.843,
3.996677540192660,1.49244093687437,8.414547458342330,1.4995,4.922,301.25,
3.9987983779405400,1.4911333879872900,8.392768940212050,1.4995,4.922,307.593,
4.0008853123634000,1.4910692629163700,8.394236467923070,1.4995,4.922,314.0,
4.0026388712701700,1.4905654527727600,8.387978957097650,1.4995,4.935,320.39,
4.00495491234811,1.4908858625207500,8.376336866599630,1.4995,4.935,326.765,
4.00691583383049,1.4895420003776500,8.361578695542950,1.4995,4.935,333.156,
4.008894495619500,1.4922638711507300,8.35025080877791,1.4995,4.935,339.562,
4.010750989723510,1.490357594878880,8.350193290385960,1.4995,4.935,345.968,
4.012664937952020,1.489025636829870,8.331420393274320,1.4995,4.935,352.343,
4.014526852846170,1.490965311773250,8.311308290270460,1.4995,4.948,358.687,
4.016311071903050,1.4922323229356700,8.307474206825400,1.4995,4.948,365.14,
4.018604021413600,1.4918265986498100,8.288321954581400,1.4995,4.948,371.5,
4.020216238940570,1.4898035787815400,8.312558677541250,1.4995,4.948,377.906,
4.022213152466640,1.4935175292730100,8.284744801640570,1.4995,4.948,384.296,
4.023998120543470,1.490384793438130,8.295532446040150,1.4995,4.948,390.64,
4.02580689951973,1.4890906582922300,8.275780306356310,1.4995,4.948,397.046,
4.0278933050293700,1.4915158622795000,8.283213699020250,1.4995,4.948,403.468,
4.029934626506270,1.4953849466900400,8.287223355744210,1.4995,4.948,409.843,
4.031399271515930,1.4897747301631800,8.2821680900417,1.4995,4.948,416.25,
4.033033058212780,1.4902839294292500,8.286381957375580,1.4995,4.96,422.625,
4.034976826727990,1.4940065812527700,8.232260543245320,1.4995,4.96,428.968,
4.036862141132550,1.4921763346887200,8.274393578729510,1.4995,4.96,435.359,
4.038410085252940,1.4904636285844800,8.22721270025607,1.4995,4.96,441.75,
4.040183203608530,1.4941341316709900,8.230280370028930,1.4995,4.96,448.109,
4.042026455949400,1.4933362818920800,8.198322017896490,1.4995,4.96,454.515,
4.0437175951363900,1.4947135835491500,8.193809634473700,1.4995,4.96,460.875,
4.045355431905200,1.4929203622790900,8.190327599170200,1.4995,4.96,467.234,
4.04682672216588,1.4911810385554400,8.164226717388640,1.4995,4.96,473.625,
4.048596341243650,1.4921085339736200,8.174882530049640,1.4995,4.96,480.062,
4.050143058652410,1.4908555803675200,8.17490045107166,1.4995,4.96,486.406,
4.051676406960120,1.4902925886345100,8.184727921892010,1.4995,4.96,492.812,
4.053519281001850,1.4927027075450200,8.17316924335793,1.4995,4.973,499.187,
4.054875790992050,1.4905853541623700,8.18771489761842,1.4995,4.973,505.562,
4.056312832658300,1.4905411215592500,8.167263728219070,1.4995,4.973,511.953,
4.058003355501820,1.4903970636467200,8.149725895315470,1.4995,4.973,518.328,
4.059325345331960,1.490314045355960,8.147351008457300,1.4995,4.973,524.671,
4.061030084528970,1.4917438897579300,8.15232778561435,1.4995,4.973,531.078,
4.0625292114583600,1.4918768718639600,8.151191462564850,1.4995,4.973,537.453,
4.06375503365412,1.489646382898980,8.18483721223532,1.4995,4.973,543.796,
4.065245164232920,1.4938779688475600,8.185520092111040,1.4995,4.973,550.203,
4.066550673272960,1.4919985832007800,8.162601311065760,1.4995,4.973,556.578,
4.067901621523130,1.4923000298064800,8.163745827626940,1.4995,4.986,563.015,
4.069281369324540,1.4920908835264100,8.1829505824066,1.4995,4.986,569.421,
4.0705662335396600,1.492519831440800,8.185541398939970,1.4995,4.986,575.765,
4.071913698838150,1.489389217105640,8.187126415289740,1.4995,4.986,582.171,
4.073313560492790,1.4959111231788300,8.171758499928380,1.4995,4.986,588.531,
4.074702438770780,1.4934118247165600,8.197347593005120,1.4995,4.986,594.875,
4.075763009643800,1.4897214731337000,8.185218466029450,1.4995,4.986,601.281,
4.076769238001850,1.4904400879598500,8.21458746649355,1.4995,4.986,607.671,
4.077910946811310,1.4900813702828900,8.198495450903930,1.4995,4.986,614.015,
4.07916320689124,1.4927167540314000,8.206561910981620,1.4995,4.986,620.421,
4.080373395293780,1.4905898818311100,8.208224477648650,1.4995,4.986,626.781,
4.081507775539040,1.4930243607444600,8.207069298033430,1.4995,4.986,633.187,
4.082637966401000,1.4900514598989900,8.204501619570280,1.4995,4.998,639.562,
4.0837245339754300,1.4911516593368400,8.220808072430590,1.4995,4.998,645.906,
4.084917320920760,1.4912839033545200,8.251402497783640,1.4995,4.998,652.296,
4.085758293191270,1.4925478541456200,8.239952370877520,1.4995,4.998,658.703,
4.086893589402870,1.4923371046600800,8.237249340937210,1.4995,4.998,665.046,
4.088013784900900,1.4928211702042100,8.244656568656580,1.4995,4.998,671.468,
4.088932829821160,1.4908129705192800,8.270562534855190,1.4995,4.998,677.828,
4.090134889918210,1.490639116928470,8.252093603186600,1.4995,4.998,684.171,
4.0911842848111100,1.4928913650513600,8.26579521949839,1.4995,4.998,690.609,
4.092027636542710,1.4922299306365300,8.290083905957940,1.4995,4.998,697.0,
4.092859418400570,1.4916687819038600,8.302118567341500,1.4989,4.998,703.359,
4.093572451672810,1.489761802838950,8.28795067506054,1.4973,4.998,709.703,
4.094419058714590,1.4887087294951000,8.302460679661020,1.4962,4.998,716.109,
4.095175627362860,1.488135892531530,8.279388652466740,1.4946,4.998,722.5,
4.095822690359570,1.4866057251045600,8.292127303043820,1.494,4.998,728.843,
4.09662334611451,1.4843333428274100,8.336247053557360,1.4929,4.998,735.25,
4.097441247023010,1.4847537481384700,8.333994808126370,1.4924,4.998,741.625,
4.098205888054270,1.4837729405750800,8.322700689795890,1.4918,4.998,747.968,
4.098822840211880,1.483751963985650,8.336859924899740,1.4907,4.998,754.375,
4.099505069019470,1.4804710843703200,8.352207863755360,1.4897,4.998,760.75,
4.100208214893880,1.4794934282675700,8.35406387157304,1.4875,4.998,767.125,
4.100639176080850,1.478027597787150,8.33587144095301,1.4864,4.998,773.515,
4.101312358823240,1.4766169730251700,8.331470240497900,1.4842,4.998,779.89,
4.1019740303883000,1.475633167193230,8.348090174878310,1.4837,4.998,786.234,
4.102573928673520,1.4753063423742100,8.361392211994440,1.482,4.998,792.625,
4.103352594359440,1.4736348313144900,8.388537680522530,1.4815,4.998,799.031,
4.103778259559710,1.469973885572450,8.402334316833110,1.4798,4.998,805.39,
4.104504143739350,1.4707334729991700,8.402981759556860,1.4793,4.998,811.828,
4.105221565958190,1.4691854664477600,8.405053537782230,1.4788,4.998,818.203,
4.105629011186620,1.4680686484277400,8.411787125291930,1.4777,4.998,824.546,
4.106269163544310,1.469727849262380,8.411078606842280,1.4766,4.998,830.937,
4.107080480698990,1.4703157415597700,8.419220961868120,1.4766,4.998,837.312,
4.107570346543660,1.4683953971392100,8.38187493150798,1.4749,4.998,843.64,
4.108119992356610,1.466412236967400,8.302446250289370,1.4749,4.998,850.046,
4.1089349661567800,1.464086811579330,8.175395976307630,1.4733,4.998,856.421,
4.109485866187760,1.4651451652859000,8.061474132570950,1.4717,4.998,862.765,
4.110419824191020,1.4634243472060600,7.9303019662071900,1.4706,4.998,869.187,
4.111250099079180,1.462661841799870,7.863980654439250,1.4695,4.998,875.578,
4.111801661738570,1.4606881965415600,7.826989604542950,1.4679,4.998,881.906,
4.112694465292350,1.4603132217667000,7.77238145298452,1.4673,4.998,888.343,
4.1136115991007100,1.459546060807020,7.693044364866490,1.4662,4.998,894.718,
4.114491720592730,1.4570180965234200,7.627722453164690,1.4646,4.998,901.062,
4.11558805018973,1.4563726161888900,7.56134078444279,1.464,4.998,907.5,
4.1162599163347900,1.4535248971175800,7.534827769444170,1.4619,4.998,913.875,
4.117187462335700,1.4507013058122000,7.47201246357614,1.4608,4.998,920.281,
4.118071455742230,1.4511427242589700,7.39919635023154,1.4597,4.998,926.687,
4.119025536237300,1.4496879274605600,7.354790650920500,1.4586,4.998,933.031,
4.120143362615560,1.4494713023871600,7.278578655106220,1.457,4.998,939.437,
4.121075379328050,1.4480554433852100,7.231358370169310,1.4559,4.998,945.828,
4.121988038700740,1.447303431486200,7.182425529998910,1.4537,4.998,952.187,
4.122864982188110,1.4438432451360700,7.169133405792890,1.4526,4.998,958.578,
4.123797921804710,1.4423823423163700,7.109160026741170,1.451,4.998,964.984,
4.124787905799640,1.4412803229929500,7.06431296686501,1.4493,4.998,971.328,
4.1256721898336400,1.4396886226702600,7.008233074081070,1.4477,4.998,977.718,
4.126779569976310,1.4372520289310100,6.953434235432680,1.445,4.998,984.125,
4.127503571325770,1.4357138256959900,6.893771462230150,1.4439,4.998,990.531,
4.12875111053821,1.4354896703964500,6.856596927907760,1.4433,5.011,996.953,
4.129833303109770,1.4335121654525700,6.806471950192820,1.4417,4.998,1003.375,
4.130729624048590,1.4324335343703600,6.760541569479930,1.4401,4.998,1009.765,
4.132024895811460,1.429838182247650,6.732797338080570,1.439,4.998,1016.171,
4.1328096352137100,1.429131132004800,6.781425748452930,1.4373,4.998,1022.562,
4.13379288723804,1.4285168475005100,6.84440001135248,1.4362,4.998,1029.0,
4.134608004117500,1.4263743515273400,6.93581553711988,1.4346,4.998,1035.437,
4.135516972133020,1.424947036799910,7.00581052687855,1.4335,4.998,1041.781,
4.136583296038700,1.424980373235990,7.041696123190960,1.4324,4.998,1048.125,
4.1373486033427500,1.4221812166762600,7.068264402412270,1.4308,4.998,1054.484,
4.13785614846257,1.4220542604713700,7.08451732018875,1.4297,5.011,1060.859,
4.138757393660130,1.4208109805964000,7.105870971163510,1.4286,4.998,1067.281,
4.139496052801060,1.4181071068181800,7.140937742916240,1.427,5.011,1073.671,
4.14020053912871,1.417821991047220,7.154399819614560,1.4253,5.011,1080.062,
4.1408474787664300,1.4183948580942100,7.1953203887527600,1.4242,4.998,1086.453,
4.141549638453780,1.4143845433794800,7.228282560711700,1.4232,4.998,1092.843,
4.1422313666881300,1.4136277556251,7.215258348598030,1.4221,4.998,1099.25,
4.142693994019560,1.412862714406450,7.245948367265900,1.4204,4.998,1105.64,
4.143586661013390,1.4111914361798800,7.256514116845400,1.4193,4.998,1112.062,
4.144100988169840,1.4111718375358800,7.268842532414720,1.4183,5.011,1118.484,
4.144804249092180,1.4095911547703400,7.280760820174140,1.4172,4.998,1124.875,
4.1451983125725700,1.4072181790756300,7.291798679248090,1.4161,4.998,1131.25,
4.145903318577410,1.407072055355280,7.29652734346558,1.415,4.998,1137.64,
4.146415420961610,1.406474185868140,7.302630791636610,1.4139,4.998,1144.031,
4.147044228446190,1.4056161754141200,7.29522308415324,1.4128,4.998,1150.453,
4.147585964485930,1.4032058007663400,7.313667928632510,1.4117,4.998,1156.843,
4.148071684010180,1.402179966400030,7.3221709913016300,1.4101,4.998,1163.234,
4.14868902431753,1.400154663338130,7.346558601197130,1.4095,4.998,1169.625,
4.149448162510720,1.4009182218201700,7.3561629372481000,1.409,4.998,1176.031,
4.149828043690010,1.3995814925864300,7.373129137820410,1.4079,4.998,1182.421,
4.150406598150190,1.3985140272025700,7.375218970409840,1.4068,4.998,1188.812,
4.151116397272310,1.3981692348778400,7.380584412140210,1.4052,4.998,1195.234,
4.15162550410495,1.3984637980993900,7.398942116817750,1.4046,4.998,1201.968,
4.1521631838355100,1.3970793786395800,7.40951828029664,1.4035,4.998,1208.453,
4.152645423755380,1.3962413119294400,7.395695959558140,1.403,4.998,1214.953,
4.153257889959020,1.3947110303073900,7.429618108284490,1.4019,4.998,1221.453,
4.153800483739110,1.39280271460174,7.441158483086930,1.4008,4.998,1227.968,
4.154315541987930,1.3932598438706900,7.458138654262800,1.3997,4.998,1234.468,
4.155166076556930,1.391981547089930,7.461556462922110,1.3992,4.998,1240.968,
4.155649298649430,1.3925406139254500,7.47305857333029,1.3986,4.998,1247.453,
4.156142406700560,1.3918390782795500,7.476873919435950,1.3986,4.998,1253.953,
4.156798632179740,1.3906345171523100,7.474196663835120,1.3975,4.998,1260.5,
4.157533074751220,1.389192120156040,7.504520625279000,1.3964,4.998,1266.968,
4.157759987316900,1.3888352641531000,7.508496888505580,1.3954,4.998,1273.484,
4.15840044929177,1.3874896947511300,7.49134775115621,1.3948,4.998,1279.984,
4.158806201069200,1.3856425004803300,7.528383076678780,1.3937,4.998,1286.5,
4.159513874772750,1.3850646599495100,7.548931603130180,1.3926,4.998,1293.0,
4.1598397600329600,1.385733051057400,7.570648571726250,1.3915,4.998,1299.515,
4.160294480068800,1.3835391437680400,7.581433664794290,1.3894,4.998,1306.015,
4.160647107423970,1.3826016578113600,7.602407226123720,1.3894,4.998,1312.484,
4.161435933552790,1.3800768238390600,7.600271382233880,1.3883,4.998,1318.984,
4.16180276687835,1.3790812425854600,7.604008645406990,1.3872,4.998,1325.5,
4.162139787885330,1.3789212325366300,7.625385364129390,1.3861,4.998,1332.0,
4.162819599212070,1.3777691509964100,7.6402812319958,1.385,4.998,1338.5,
4.163373053857700,1.3772715041088900,7.62937547573774,1.385,4.998,1344.984,
4.163927430354610,1.3760661874266200,7.636978969636130,1.3839,4.998,1351.484,
4.164502368706330,1.3755604561181200,7.677878850497610,1.3834,4.998,1358.359,
4.164967406861860,1.3745489395255100,7.695210716971460,1.3823,4.998,1364.968,
4.165403478020490,1.3747132320377800,7.699608308517030,1.3817,4.998,1371.64,
4.165983262270660,1.374670990388340,7.7121804116192400,1.3812,4.998,1378.234,
4.166530929121990,1.3719897199021200,7.724882468192090,1.3801,4.998,1384.906,
4.167118875594390,1.3722914658240600,7.724864249587620,1.3796,4.998,1391.562,
4.16762915793523,1.3722880213670800,7.759722382604010,1.379,4.998,1398.156,
4.16806653832734,1.369973512409050,7.766649240129080,1.3779,4.998,1404.765,
4.168430129099750,1.3663838378228600,7.792653760982960,1.3774,4.998,1411.421,
4.168957556073350,1.3692628875616300,7.786719630618770,1.3763,4.998,1418.015,
4.169494676103900,1.3684069327853800,7.787097486599520,1.3752,4.998,1424.625,
4.170042843271920,1.3662329927730300,7.81918722784191,1.3741,4.998,1431.203,
4.170120327112800,1.3627895802092400,7.842385170399980,1.3725,4.998,1437.812,
4.170678251196280,1.3632041236928000,7.843127360121540,1.3708,4.998,1444.453,
4.171208391882680,1.3629579888700000,7.847165608559370,1.3697,4.998,1451.046,
4.171456028053920,1.361508501505200,7.859131788357820,1.3686,4.998,1457.64,
4.171970560616840,1.3614101559407600,7.874443589661960,1.3681,4.998,1464.328,
4.172283297614020,1.3600743215789200,7.899215964294710,1.367,4.998,1470.921,
4.172882973260690,1.3601681796923800,7.928201167029280,1.3665,4.998,1477.531,
4.173502181621400,1.3577289981022100,7.925664953609650,1.3654,4.998,1484.171,
4.173701295341820,1.3586417813207300,7.94591782206192,1.3648,4.998,1490.765,
4.1745212865986200,1.358592706686990,7.961104188158450,1.3643,4.998,1497.39,
4.174916447196300,1.356578877026580,7.97182162543925,1.3637,4.998,1504.062,
4.175336190480570,1.3555425513257000,7.970863567871400,1.3621,4.998,1510.718,
4.175971596295630,1.3561771600856000,7.984063739423060,1.3616,4.998,1517.328,
4.176249906305420,1.35288249522731,7.999024330589510,1.361,4.998,1523.921,
4.176823856242970,1.3534207490058900,8.00190131739941,1.3605,4.998,1530.593,
4.177367963015290,1.3530817700866500,8.018409813591650,1.3594,4.998,1537.25,
4.177840545431980,1.3507245641550700,8.027313928852760,1.3583,4.998,1543.859,
4.178510624190990,1.3524808038004100,8.036348619975570,1.3583,4.998,1550.484,
4.178871087984870,1.3508933516425700,8.054163410281430,1.3577,4.998,1557.125,
4.1794021617346700,1.3509770814334400,8.064206191641000,1.3567,4.998,1563.718,
4.179835229413850,1.350135838503240,8.070859846449890,1.3561,4.998,1570.312,
4.180319707105270,1.3491121699844000,8.0835427160596,1.355,4.998,1576.968,
4.180783329842040,1.3470966808424400,8.108420028507070,1.3539,4.998,1583.656,
4.181236601556470,1.345301938654360,8.133729714846620,1.3539,4.998,1590.265,
4.181540119849630,1.3474984532201400,8.137841864955850,1.3534,4.998,1596.859,
4.1821551897009000,1.343782115485350,8.145229914838370,1.3518,4.998,1603.5,
4.182571348167630,1.3448883770872700,8.159087702249340,1.3512,4.998,1610.171,
4.182863283787620,1.341024680872930,8.150754333195410,1.3496,4.998,1616.765,
4.183318979761530,1.3410866530875400,8.170534182521050,1.349,4.998,1623.406,
4.184044131072940,1.3419670791413900,8.179584327026350,1.3479,4.998,1630.0,
4.184269263688170,1.3401355484231500,8.195470949172730,1.3468,4.998,1636.625,
4.18486664648378,1.340839579606810,8.197515677972530,1.3463,4.998,1643.281,
4.185486478080330,1.340246151781280,8.211258082408940,1.3458,4.998,1649.875,
4.18593596748852,1.3383462191258900,8.210131570037450,1.3458,4.998,1656.515,
4.186315750510960,1.337448880542630,8.239702436899420,1.3441,4.998,1663.218,
4.186927227803580,1.3393092546424000,8.247066764870400,1.3441,4.998,1669.859,
4.187400520811060,1.3372215206426800,8.259936219829000,1.3436,4.998,1676.484,
4.187895910303250,1.3354863069345600,8.277914894709470,1.3419,4.998,1683.078,
4.188197479950050,1.3362033678435900,8.288053852538480,1.3419,4.998,1689.765,
4.188924802981000,1.3353233002192100,8.293086235186420,1.3409,4.998,1696.421,
4.189370132511000,1.3341646716505900,8.298316884414770,1.3403,4.998,1703.015,
4.189897246843490,1.3338605677291500,8.315200691205190,1.3398,4.998,1709.609,
4.1903250733509600,1.3352506975466700,8.326168948588700,1.3392,4.998,1716.265,
4.190708303786250,1.3333026408667100,8.344092622930290,1.3387,4.998,1722.875,
4.19129260263855,1.3320021229207700,8.356188462618080,1.3381,4.998,1729.531,
4.19196525422145,1.3292121961566000,8.361520783800850,1.3376,4.998,1736.187,
4.192361209679490,1.33000954362194,8.352135081553570,1.3365,4.998,1742.796,
4.192730711473700,1.3269724345716000,8.365981037605940,1.3354,4.998,1749.39,
4.193066491783550,1.326872942221890,8.37280702960947,1.3343,4.998,1755.984,
4.1935456636403200,1.3268891346355300,8.40031198247558,1.3327,4.998,1762.64,
4.1937704145252400,1.3226677551900000,8.402435529423510,1.331,4.998,1769.281,
4.194056108959720,1.321175525709350,8.410105213327000,1.3283,4.998,1775.937,
4.19421069849471,1.3185282980118100,8.418975315474000,1.3261,4.998,1782.593,
4.194531672746480,1.3170476030246800,8.439582922443880,1.325,4.998,1789.25,
4.195151604050130,1.3170794074834300,8.435242003523240,1.325,4.998,1795.859,
4.195525981670850,1.3180980239003200,8.446631652060470,1.3245,4.998,1802.546,
4.196134202992020,1.3176496177911400,8.46594240316351,1.324,4.998,1809.14,
4.196786660957200,1.318034783688040,8.474888988215060,1.324,4.998,1815.75,
4.197160655159180,1.3144627558686700,8.503205702981000,1.3234,4.998,1822.406,
4.197627942871430,1.316504134309870,8.512805183587480,1.3229,4.998,1829.0,
4.198124243777420,1.3143209692643200,8.526044313626210,1.3223,4.998,1835.609,
4.198548099151390,1.3152942643052700,8.53377130333154,1.3218,4.998,1842.296,
4.198993040199590,1.3143062507700400,8.533254237896630,1.3212,4.998,1848.937,
4.199475972604150,1.3139869071577500,8.544925905495920,1.3201,4.998,1855.531,
4.200160740995170,1.3133271692709000,8.536214325116280,1.3196,5.011,1862.14,
4.200473489501400,1.31159630799029,8.5469817281633,1.319,4.998,1869.203,
4.200995626171710,1.3123050492724600,8.576079809853950,1.318,4.998,1875.953,
4.20152683421385,1.3099812596426700,8.594907627566410,1.3174,4.998,1882.656,
4.202019192989330,1.3103736783727600,8.591911646847370,1.3169,4.998,1889.359,
4.202507847281610,1.309618132583650,8.60665179235725,1.3163,4.998,1896.109,
4.203058262111960,1.3089131696885600,8.640041819141410,1.3158,4.998,1902.953,
4.20346100334339,1.3078920850528800,8.65076290249795,1.3147,4.998,1909.703,
4.203965245455820,1.3075612642952000,8.658630012839860,1.3141,4.998,1916.406,
4.204363829381610,1.3066709722368100,8.657566297555900,1.3136,4.998,1923.171,
4.204878867613890,1.3039533745281700,8.660311109876320,1.3131,4.998,1929.937,
4.205338399088760,1.302862076831400,8.683627622046470,1.312,4.998,1936.718,
4.2056709132128500,1.303667366142040,8.700239277612420,1.3114,4.998,1943.453,
4.206477988386850,1.3038092132290800,8.702369286950400,1.3109,4.998,1950.156,
4.206899678630390,1.3026025612383400,8.73227152705494,1.3092,4.998,1956.875,
4.205222082997960,1.2848968372775500,8.715516020244220,1.2918,4.986,1963.578,
4.205469586853740,1.285210413341510,8.738755634756920,1.2918,4.986,1970.296,
4.205690465360940,1.285370979102570,8.748826919591730,1.2912,4.986,1977.015,
4.206028499164150,1.2842872736949900,8.767977125270030,1.2907,4.986,1983.718,
4.206645992536080,1.283578775481200,8.792080602871740,1.2902,4.986,1990.421,
4.204608008702900,1.2649847468186100,8.783776164201410,1.2722,4.973,1997.14,
4.204837493017380,1.2650727595769300,8.789309825066880,1.2716,4.973,2003.875,
4.205010687914020,1.2656282681430000,8.81020615387348,1.2722,4.973,2010.578,
4.205491331101690,1.2644199462599100,8.833254868994680,1.2716,4.973,2017.296,
4.205607869548720,1.263732806132680,8.847523671842010,1.2711,4.973,2024.109,
4.205939577788800,1.2646012844000300,8.864100946628640,1.2705,4.973,2030.921,
4.2065880442264900,1.26274974197066,8.879856083781250,1.27,4.973,2037.75,
4.204607995551780,1.2457481211884100,8.877046473175330,1.252,4.96,2044.484,
4.205018759802030,1.2451281823411900,8.87194932181,1.252,4.96,2051.281,
4.205190484086170,1.2462542217515600,8.797634726280240,1.252,4.96,2058.015,
4.205352707075580,1.244166030253200,8.697666763820580,1.2509,4.96,2064.718,
4.205814588024460,1.245054099284250,8.584974179150180,1.2509,4.96,2071.484,
4.206265424823500,1.2431634323219600,8.458674019098580,1.2498,4.96,2078.25,
4.20669954392661,1.2426908490662700,8.37978862296732,1.2487,4.96,2085.015,
4.205184663064280,1.2248262088282000,8.310771888514210,1.2307,4.948,2091.765,
4.205463672300340,1.2243355500342000,8.264521831676220,1.2307,4.96,2098.531,
4.205771949001030,1.2234017174102900,8.177888506335410,1.2291,4.948,2105.281,
4.206594530762510,1.2217706304431000,8.08319662196495,1.2291,4.948,2112.062,
4.20708424732907,1.2231255388414000,8.02788804859666,1.2275,4.948,2118.859,
4.207673738691960,1.2209328040133700,7.954431338356200,1.2269,4.948,2125.687,
4.206090349383350,1.1991161078551100,7.872801944920240,1.2079,4.935,2132.406,
4.2065127185496300,1.2012844407223800,7.826099359697770,1.2073,4.935,2139.156,
4.2071756942944400,1.2010578286330200,7.7761231100499300,1.2068,4.935,2145.937,
4.2076232807212300,1.1985940221542200,7.711401879150610,1.2057,4.935,2152.828,
4.206026461429340,1.1784052714880000,7.672918490526660,1.1871,4.922,2159.609,
4.2065303282607400,1.180352776694820,7.676192756537150,1.1866,4.922,2166.375,
4.206882488260330,1.179961589371520,7.569371816457240,1.186,4.922,2173.171,
4.2052411427956000,1.1590969402341900,7.497825110199800,1.1681,4.91,2179.953,
4.205798097320710,1.1598712614050700,7.426394528029440,1.1675,4.91,2186.765,
4.2063994005829600,1.1606761586434100,7.381461914138320,1.1664,4.91,2193.64,
4.206877198303200,1.1605212026017400,7.31016680185161,1.1653,4.91,2200.437,
4.207453885857780,1.1576498236289000,7.287231531757700,1.1637,4.91,2207.203,
4.2081203071151700,1.157298462538510,7.247254906835890,1.1637,4.91,2213.953,
4.206771576808130,1.1385249068340400,7.18757510570788,1.1446,4.897,2220.781,
4.207288449801010,1.1365904844087300,7.185060344136790,1.1441,4.897,2227.546,
4.207704013632530,1.1384168802042000,7.222237369654400,1.1435,4.897,2234.343,
4.2060249675563100,1.1182213041290700,7.31381833140885,1.1239,4.884,2241.187,
4.20647890149542,1.1187759706985300,7.357116872133080,1.1239,4.884,2248.015,
4.206867973110100,1.1174228099438000,7.388497035587860,1.1234,4.884,2254.812,
4.207445063175990,1.1166436292944100,7.418824852288940,1.1223,4.884,2261.562,
4.207969870638340,1.1139704366101600,7.467777942652350,1.1217,4.884,2268.406,
4.206115966681270,1.0979850425284700,7.512603355112150,1.1032,4.872,2275.203,
4.206392247800100,1.0981818962038000,7.5019722431369900,1.1027,4.872,2281.984,
4.206809312114150,1.0970476078678700,7.525402509536220,1.1021,4.872,2288.75,
4.207194146545380,1.0958157612051300,7.527771532205980,1.1016,4.872,2295.531,
4.2076725074239500,1.0939216436025100,7.5608410947210900,1.0999,4.872,2302.312,
4.2078705273943600,1.0927693855701100,7.574248492546810,1.0983,4.872,2309.062,
4.208183818619400,1.0928207731303800,7.582269059172900,1.0983,4.872,2315.781,
4.208705884373180,1.091790820102910,7.598930755982380,1.0967,4.872,2322.515,
4.20698116287955,1.072625075757570,7.623428426281800,1.0787,4.859,2329.234,
4.207112802929900,1.0715356104263500,7.627090562186140,1.0776,4.859,2335.937,
4.207396928830640,1.0723270090271100,7.641706873009740,1.077,4.859,2342.64,
4.207721783408250,1.0717197474399000,7.620224309979980,1.0765,4.859,2349.375,
4.205964456188760,1.0536688769838500,7.634366622510460,1.0585,4.846,2356.14,
4.20613163101008,1.0502366907892400,7.6604803664204300,1.0585,4.846,2362.921,
4.206418386218080,1.052404341732030,7.678817930767620,1.0574,4.846,2369.671,
4.206886994850970,1.0508713260596800,7.674698074061180,1.0569,4.846,2376.39,
4.207127743167900,1.0518846451827800,7.669565521167310,1.0563,4.846,2383.093,
4.20766740932983,1.0491910557430900,7.656055652696420,1.0558,4.846,2389.828,
4.205701206078110,1.0318453184215900,7.660555812854180,1.0367,4.834,2396.609,
4.2058802888974,1.0317822404775700,7.655689016517670,1.0367,4.834,2403.359,
4.206120370206550,1.0303438434060600,7.658832030443460,1.0362,4.834,2410.187,
4.206651313147710,1.0299746763155000,7.656860019221940,1.0356,4.834,2417.015,
4.2067165917403600,1.0293581722131700,7.673609496976070,1.034,4.834,2423.718,
4.206952283953840,1.0279857863337300,7.675266657567730,1.034,4.834,2430.515,
4.207544315061330,1.0282446826290500,7.688494996383840,1.0329,4.834,2437.359,
4.2079554350840800,1.026401331105690,7.688373226117840,1.0323,4.834,2444.109,
4.208482794410830,1.026612810920870,7.691369227042390,1.0318,4.834,2450.937,
4.2089260956995,1.0275768106279400,7.686777689427980,1.0312,4.834,2457.765,
4.206876409414690,1.0084845446879200,7.700857950641250,1.0127,4.821,2464.484,
4.207599222910570,1.005682021888120,7.719600015138210,1.0122,4.821,2471.25,
4.207551659759460,1.006371438556990,7.727748926649850,1.0116,4.821,2477.953,
4.208211230297170,1.0044453190666900,7.716490002453530,1.0116,4.821,2484.687,
4.208449964011330,1.0053334555253300,7.728681123945410,1.0111,4.821,2491.39,
4.209101244985070,1.0045016967500000,7.749546207087360,1.01,4.821,2498.093,
4.207338416934830,0.9866647066459360,7.775853874422560,0.992,4.808,2504.796,
4.207405122631400,0.9867864289901380,7.777460114941460,0.9925,4.808,2511.5,
4.207686566179500,0.9863632660362060,7.777944407913520,0.9915,4.808,2518.234,
4.208085654103260,0.9849923812878520,7.771181296380240,0.9909,4.808,2524.937,
4.208468427188310,0.9855115442027290,7.798470172782720,0.9909,4.808,2531.671,
4.2089273638853500,0.9838361120978450,7.79850423841509,0.9893,4.808,2538.39,
4.2070297772136600,0.9658278475161690,7.782744601991120,0.9718,4.796,2545.093,
4.207221408902120,0.9668091173912490,7.7739547150292600,0.9713,4.796,2551.796,
4.207777702981240,0.9637888165954770,7.7848347191570700,0.9707,4.796,2558.515,
4.208066354853540,0.9645806076844180,7.795383619767420,0.9702,4.796,2565.234,
4.208328828869430,0.9649088317588870,7.790065421151100,0.9697,4.796,2571.937,
4.208821331861160,0.9629982187879990,7.803337790846920,0.9686,4.796,2578.656,
4.209075755966500,0.9625707469697910,7.792570574153930,0.968,4.796,2585.359,
4.209472586330340,0.9616489364234520,7.80415045976563,0.9675,4.796,2592.062,
4.209904081029220,0.9614649325176900,7.806146069361420,0.9664,4.796,2598.796,
4.2079601049687000,0.9439426879166150,7.818722416239970,0.9473,4.783,2605.5,
4.2082008499666700,0.9427860423950290,7.818935209325160,0.9473,4.783,2612.234,
4.208550164266870,0.9391236806055020,7.824592941236300,0.9468,4.783,2619.0,
4.206787460728910,0.9272514984646130,7.84209298059585,0.9288,4.77,2625.718,
4.206810376332020,0.9226959897929860,7.847831076766720,0.9288,4.77,2632.421,
4.207146018939580,0.9237480763957680,7.8446456816863500,0.9282,4.77,2639.125,
4.2072293015705900,0.9201144723703780,7.858790037283170,0.9277,4.77,2645.828,
4.207761328701420,0.9226659196758750,7.84281382422586,0.9271,4.77,2652.546,
4.20798766357053,0.9198869869191660,7.867170609233880,0.9266,4.77,2659.25,
4.208321755629640,0.9212131471919770,7.873538409659160,0.9255,4.77,2665.968,
4.20872142663188,0.9189166029686310,7.869998926071240,0.925,4.77,2672.671,
4.206816154310090,0.9001686119691110,7.88004664069976,0.9064,4.757,2679.375,
4.206945954634170,0.9007990650561140,7.874154920927780,0.9059,4.757,2686.109,
4.207434379477640,0.8995217030662460,7.893998809470860,0.9053,4.757,2692.812,
4.207519489902680,0.9005921835431450,7.894623506200340,0.9053,4.757,2699.531,
4.207976063905660,0.899204320934695,7.879075740314210,0.9048,4.757,2706.234,
4.208394191033850,0.8991461207274130,7.899865522041060,0.9042,4.757,2712.953,
4.208649888441030,0.8980423360943970,7.90437403354029,0.9037,4.757,2719.656,
4.207246477367540,0.8815804589296650,7.918098037168850,0.8857,4.745,2726.39,
4.207022251271380,0.8802938887174340,7.9229775939698500,0.8852,4.745,2733.093,
4.207511840315660,0.8802385700299820,7.920064233731800,0.8852,4.745,2739.796,
4.20780938896261,0.8795174447280590,7.920357316279590,0.8846,4.745,2746.531,
4.2082073274401700,0.8781166706373330,7.93875734397499,0.8841,4.745,2753.265,
4.208666775930030,0.8793647139679340,7.93862886136697,0.883,4.745,2759.968,
4.209189688547010,0.8765833773674870,7.951020914506020,0.883,4.745,2766.671,
4.209376515160090,0.8777522250459850,7.93863132484732,0.8819,4.745,2773.39,
4.210007012447980,0.8766076132099410,7.953751495132260,0.8813,4.745,2780.093,
4.207861927402830,0.8593788432841980,7.937775546179410,0.8623,4.732,2786.812,
4.208436102679450,0.858446791571079,7.960299437400970,0.8623,4.732,2793.546,
4.208609827263640,0.8565276894461530,7.974981473544620,0.8617,4.732,2800.25,
4.209164792978660,0.8570804437248310,7.949740393524960,0.8612,4.732,2806.968,
4.209194312706550,0.8556592972021780,7.956544982334240,0.8601,4.732,2813.671,
4.209462189445600,0.8558076784579410,7.963988857958060,0.8595,4.732,2820.375,
4.209775215507290,0.8534959438755960,7.970406811450750,0.859,4.732,2827.109,
4.208211723547520,0.8326365538015890,7.976307966088180,0.8405,4.719,2833.796,
4.208466139450550,0.8376905340604910,7.969481236978610,0.8405,4.719,2840.5,
4.208597729865200,0.8378218295311600,7.969822199697410,0.8399,4.719,2847.203,
4.206975445435970,0.8191335067357390,7.965019448179560,0.8219,4.707,2853.953,
4.2067190451769300,0.8134732501310020,7.949962265566720,0.8219,4.707,2860.718,
4.206909638200800,0.8145661437977310,7.978972629232530,0.8214,4.707,2867.421,
4.207190256926880,0.8177521809351440,7.9714389890447000,0.8208,4.707,2874.156,
4.207601662117820,0.8165957987189030,7.9653061051147200,0.8203,4.707,2880.843,
4.208050087786230,0.813934539895864,7.959914964664470,0.8192,4.707,2887.562,
4.208318291930910,0.8151906006014640,7.951581719752990,0.8187,4.707,2894.25,
4.208607870602740,0.813911138031505,7.96342953863297,0.8181,4.707,2900.953,
4.209154940439030,0.81155847208321,7.982898228663740,0.8176,4.707,2907.765,
4.209416274104470,0.8123648850039280,7.9732375979835100,0.8165,4.707,2914.546,
4.209823361992850,0.8121273885505870,7.961151154390220,0.8154,4.707,2921.25,
4.208280146718860,0.7939734176314420,7.9821795979234800,0.798,4.694,2927.937,
4.207370161231930,0.7924009638853150,7.969508244392890,0.7974,4.694,2934.64,
4.2085124205289400,0.7924043773288210,7.9932550439277600,0.7969,4.694,2941.343,
4.208878161115860,0.7919188660915600,7.985174510541130,0.7963,4.694,2948.078,
4.209298574296950,0.7920552735711460,7.984332227073970,0.7947,4.694,2954.843,
4.209523370718600,0.7894180016747770,7.976440009182100,0.7947,4.694,2961.593,
4.209892610960200,0.7881125263175760,7.966550046523920,0.7941,4.694,2968.359,
4.208048855013130,0.7718037408871450,7.968675482428220,0.7751,4.681,2975.109,
4.208295821289340,0.7710912354261150,7.968786717709720,0.7745,4.681,2981.875,
4.2085698539974000,0.7718567131807830,7.9728801592122700,0.774,4.681,2988.625,
4.208729934703590,0.7692151267100570,7.978115211852570,0.774,4.681,2995.39,
4.2090898911907300,0.7685683014145630,7.993809587880560,0.7729,4.681,3002.14,
4.209460735017670,0.7675049213904190,7.983606479904770,0.7723,4.681,3008.937,
4.209760597674810,0.767346615933609,8.008874185929380,0.7718,4.681,3015.687,
4.207824538644200,0.7491588711198320,8.006103471862960,0.7533,4.669,3022.453,
4.207957477396480,0.7508063535277340,8.009322211380680,0.7533,4.669,3029.203,
4.208693023016860,0.7521988679655650,8.007097551210880,0.7527,4.669,3035.968,
4.208580345669460,0.7490177225879730,8.002104555815660,0.7522,4.669,3042.671,
4.209118827514310,0.7467109255811070,7.996039193113380,0.7516,4.669,3049.406,
4.209206833031950,0.7466375893185150,8.006081328751620,0.7511,4.669,3056.093,
4.209585550385530,0.7454503386518140,8.000263746089090,0.7505,4.669,3062.796,
4.209785196292360,0.7458360925806580,8.012750044722470,0.7494,4.669,3069.5,
4.21037127926432,0.7476440598485230,8.015727129642900,0.7489,4.669,3076.218,
4.210696919175620,0.7434750624215190,8.025409677933940,0.7483,4.669,3082.921,
4.208935741768260,0.7267959926461710,8.02789130145956,0.7298,4.656,3089.625,
4.208972984922590,0.727041699333628,8.022775980813720,0.7298,4.656,3096.328,
4.2095154776010600,0.7280969018975180,8.028957722146870,0.7293,4.656,3103.031,
4.209781158996170,0.7259834379637340,8.021523757570500,0.7287,4.656,3109.75,
4.207664411687180,0.7076490147570580,8.021742905983400,0.7107,4.643,3116.453,
4.2076248613291200,0.7076790073247590,8.018555891911940,0.7107,4.643,3123.187,
4.207900330919960,0.7067130089304000,8.027849873561270,0.7102,4.643,3129.875,
4.20807674315907,0.7050312872283550,8.03007989168003,0.7091,4.643,3136.593,
4.208462019332430,0.7042922548687230,8.018328072992780,0.7091,4.643,3143.281,
4.20849725778522,0.7020961673498080,8.030516179099430,0.7086,4.643,3149.984,
4.208932182524360,0.7045531355827260,8.043920311338640,0.708,4.643,3156.718,
4.209439044462620,0.7071231491619250,8.03537506354364,0.7075,4.643,3163.406,
4.20966583325745,0.7042978208424190,8.037599065389050,0.7069,4.643,3170.109,
4.2077079144555900,0.6841665458876900,8.031664693776570,0.6878,4.631,3176.812,
4.207896056699110,0.6875073225510520,8.03604422217637,0.6878,4.631,3183.515,
4.207910536437620,0.684366026835472,8.03381980091419,0.6873,4.631,3190.234,
4.208173433198130,0.6805437017280560,8.039789449131850,0.6868,4.631,3196.937,
4.208214007949650,0.6811549633636310,8.043580016956500,0.6862,4.631,3203.64,
4.208631074865900,0.6799997086491450,8.0444400738058,0.6862,4.631,3210.359,
4.20902579216438,0.6800961284607880,8.038501639676250,0.6851,4.631,3217.062,
4.209525719622160,0.6819813998606880,8.051177624245730,0.6851,4.631,3223.765,
4.209687193438860,0.6820585134293260,8.05781766170338,0.6846,4.631,3230.468,
4.209892140108780,0.6795569476956540,8.060348077032790,0.684,4.631,3237.171,
4.210426905144170,0.6809566649470740,8.072989700181190,0.6829,4.631,3243.89,
4.210559413128590,0.6778089370473130,8.071396097362960,0.6824,4.631,3250.593,
4.208616500799450,0.6589862993686380,8.074518435767300,0.6639,4.618,3257.296,
4.208896116939180,0.6632552578148450,8.08282177886104,0.6644,4.618,3264.0,
4.20897728246314,0.6597853333556990,8.052902970018130,0.6639,4.618,3270.703,
4.209325609174460,0.6611909812515400,7.981384325619130,0.6633,4.618,3277.453,
4.209605751813280,0.6592806125535120,7.891872907648610,0.6628,4.618,3284.156,
4.209970062331010,0.6586393257620570,7.763168762241520,0.6622,4.618,3290.859,
4.210303485608460,0.6590978139805970,7.669001596548110,0.6617,4.618,3297.546,
4.210641360280850,0.6562145946277290,7.57054449546059,0.6606,4.618,3304.25,
4.208791980382540,0.6390588774780040,7.480790535907600,0.6426,4.605,3310.984,
4.2090181864838800,0.64031707102475,7.38684009305547,0.6421,4.605,3317.687,
4.209156413233150,0.6387829848437570,7.29433934519036,0.6421,4.605,3324.39,
4.209703645271050,0.6368385685040680,7.210365802281480,0.641,4.605,3331.125,
4.210071371911840,0.6357518522374880,7.117335366249300,0.6404,4.605,3337.812,
4.210415090232750,0.6375716923482840,7.083063939157680,0.6393,4.605,3344.531,
4.210747976781430,0.636456982239959,6.976050009132410,0.6388,4.605,3351.234,
4.20905047735122,0.6157293340573730,6.922076026152640,0.6208,4.593,3357.937,
4.2090465851168400,0.6165208450371600,6.848443525901960,0.6203,4.593,3364.656,
4.209382570110590,0.6166028448724220,6.820254256458170,0.6197,4.593,3371.359,
4.209849057389700,0.6156239225639180,6.781753388785070,0.6192,4.593,3378.078,
4.210473713599440,0.6154167151852690,6.686238573402190,0.6186,4.593,3384.781,
4.210615516686370,0.6148219973831890,6.620590105914940,0.6175,4.593,3391.484,
4.211134802452820,0.613905338411187,6.56773629500838,0.617,4.593,3398.187,
4.211446785224730,0.6125185049423530,6.502608232956750,0.6159,4.593,3404.89,
4.211930770723340,0.6130559606764670,6.40882187586769,0.6153,4.593,3411.609,
4.210287208037950,0.5964811000318960,6.338901957334100,0.5985,4.58,3418.312,
4.210589209528840,0.5959759864713090,6.320347849045500,0.5979,4.58,3425.046,
4.208610754338650,0.5761156439357340,6.221180947988760,0.5799,4.567,3431.75,
4.20879356838715,0.5771210567995130,6.155888865475550,0.5805,4.567,3438.453,
4.208976489292250,0.5738961144226930,6.126047220760560,0.5794,4.567,3445.156,
4.209390752292790,0.576010704192373,6.079042242833160,0.5788,4.567,3451.859,
4.2096064541076900,0.5747746660789190,6.0696884855072800,0.5777,4.567,3458.562,
4.209883658716960,0.5733108441139930,6.141211118845960,0.5777,4.567,3465.328,
4.210371130664930,0.5756543930258720,6.224363631625820,0.5766,4.567,3472.078,
4.21070544470569,0.5725430299529330,6.268290266386010,0.5766,4.567,3478.875,
4.208808804761930,0.5568496314570780,6.300995436560510,0.5587,4.555,3485.578,
4.208781764935130,0.5549478394375370,6.324881287038080,0.5587,4.555,3492.281,
4.208955521196130,0.5544326398238160,6.377371874267400,0.5581,4.555,3498.984,
4.209282755424280,0.5531164011807680,6.38939331868778,0.5576,4.555,3505.687,
4.2097295385346400,0.5549702765040310,6.404583608626950,0.5576,4.555,3512.39,
4.209698953523520,0.5539245893614100,6.393077409990690,0.557,4.555,3519.109,
4.21003383101639,0.5546324356653530,6.420082737428350,0.5565,4.555,3525.812,
4.210435218871190,0.553918311871165,6.447297310281940,0.5559,4.555,3532.515,
4.210547518039000,0.5516415084570510,6.446820725384990,0.5559,4.555,3539.203,
4.2109910885574200,0.5510388254744010,6.4415353058039600,0.5554,4.555,3545.921,
4.210965345387020,0.5530601682758440,6.448849505652480,0.5548,4.555,3552.734,
4.211265393765250,0.551647665024992,6.460350782281200,0.5543,4.555,3559.5,
4.211783252016670,0.5507049703378310,6.461534262076510,0.5538,4.555,3566.234,
4.2095882873633200,0.5331584407480670,6.4635669842819600,0.5363,4.542,3572.921,
4.209732896753840,0.533850622809973,6.446188706556710,0.5363,4.542,3579.625,
4.209596380265110,0.5314612692866640,6.468867973878850,0.5363,4.542,3586.343,
4.209740923435310,0.5313432444501170,6.457611793254590,0.5358,4.542,3593.062,
4.210111189671760,0.5313219551978630,6.448863777388010,0.5358,4.542,3599.765,
4.210279032136720,0.5314755335809560,6.4419138572436000,0.5352,4.542,3606.468,
4.210449369277850,0.5330832766600800,6.444247698785270,0.5347,4.542,3613.187,
4.2106641821954500,0.5302224615364720,6.4579705116004800,0.5341,4.542,3619.921,
4.211143001805820,0.529890729047117,6.465128029627620,0.5341,4.542,3626.625,
4.211146693063200,0.5286779858890680,6.459350827102350,0.5336,4.542,3633.328,
4.211577345066500,0.5317461031361240,6.445444276660300,0.5336,4.542,3640.031,
4.209176925396040,0.5127938115039540,6.448920224269160,0.5151,4.529,3646.734,
4.209224568795420,0.5126454170900750,6.447559952148830,0.5151,4.529,3653.453,
4.209414510586570,0.5139507518501240,6.465675812479240,0.5151,4.529,3660.156,
4.209556516359540,0.5129549875805660,6.471221463716690,0.5145,4.529,3666.859,
4.2096757196211200,0.5123093014465140,6.443193178304680,0.514,4.529,3673.562,
4.209817037888800,0.5109818655028220,6.458459619579160,0.5145,4.529,3680.265,
4.209904362213650,0.5109305789619340,6.473934292465190,0.514,4.529,3687.0,
4.210317388568850,0.5112754294351250,6.491531809297180,0.514,4.529,3693.703,
4.210329817475020,0.5108383863553990,6.481893579629990,0.5134,4.529,3700.406,
4.2105458531300400,0.510435030912008,6.480967698925050,0.5134,4.529,3707.109,
4.210775210227510,0.509696472616779,6.477955599597530,0.5129,4.529,3713.812,
4.211171853392820,0.5113953627622990,6.491676763615830,0.5123,4.529,3720.531,
4.211243082811790,0.5091977916912850,6.488195144500960,0.5123,4.529,3727.25,
4.211417061612340,0.5088469599076160,6.4697446564577000,0.5118,4.529,3733.984,
4.2117727077822400,0.5073403817201690,6.46887616941428,0.5112,4.529,3740.687,
4.209357575877850,0.49009265966913200,6.480054377342070,0.4938,4.517,3747.39,
4.209700576528230,0.4912776035506360,6.500113913614740,0.4943,4.517,3754.093,
4.209591884917370,0.492017582998226,6.482707179704810,0.4938,4.517,3760.812,
4.20977459356354,0.4929079982135400,6.49565944008813,0.4938,4.517,3767.531,
4.209960954890120,0.4912961555336570,6.51033224386679,0.4933,4.517,3774.234,
4.209975348635290,0.4910771238687360,6.512466912722150,0.4933,4.517,3780.953,
4.210301674353260,0.49234458318508800,6.500925783066850,0.4927,4.517,3787.656,
4.210561665565480,0.4898271845583570,6.507999243247330,0.4927,4.517,3794.375,
4.2106508015239600,0.4906109874734430,6.514288301269070,0.4922,4.517,3801.093,
4.210727680275630,0.4899269770258610,6.517352458752610,0.4916,4.517,3807.796,
4.211016852213280,0.48928063247318100,6.514326400882770,0.4916,4.517,3814.515,
4.210916789493220,0.4894615917215720,6.5069505700685300,0.4911,4.517,3821.218,
4.211281787406110,0.4886782362096330,6.4984228037652500,0.4911,4.517,3827.921,
4.211469631629900,0.4869350783412160,6.514455346347260,0.4905,4.517,3834.687,
4.2118440489409300,0.4886630230488350,6.514796552233030,0.49,4.517,3841.39,
4.209490324233230,0.4704016645760500,6.525604214471190,0.4725,4.504,3848.093,
4.209328149345680,0.47163533070016500,6.55645819971792,0.4725,4.504,3854.796,
4.2096012771399900,0.46874218615631500,6.542774476690320,0.4725,4.504,3861.5,
4.209679902780850,0.47090586326396500,6.55012090465341,0.472,4.504,3868.234,
4.20981781084235,0.4701121166156160,6.5469293808518100,0.4725,4.504,3874.937,
4.209880959477110,0.4696850044069940,6.545954937205390,0.472,4.504,3881.64,
4.21009372010018,0.46903940538061300,6.550492022898880,0.472,4.504,3888.343,
4.210213343024800,0.46834452143176300,6.54862116174732,0.4714,4.504,3895.062,
4.210405482721680,0.4696494872540910,6.559664268964650,0.4714,4.504,3901.781,
4.21059652318227,0.46905485543645500,6.555531630350700,0.4709,4.504,3908.484,
4.210702397087170,0.46884365346972900,6.577796225745520,0.4709,4.504,3915.203,
4.210940986110120,0.4692888961860370,6.590785856723640,0.4704,4.504,3921.906,
4.210944994218690,0.46680667650907700,6.579002864437670,0.4698,4.504,3928.609,
4.211306788054920,0.4680880546302550,6.586764915539460,0.4698,4.504,3935.328,
4.211466717347680,0.4672750288408160,6.600165654032550,0.4693,4.504,3942.046,
4.211580360512520,0.46714072240314800,6.59297636524839,0.4687,4.504,3949.593,
4.209292293926800,0.44721215409639600,6.594690447386940,0.4513,4.491,3956.359,
4.209316227203620,0.4496249216450560,6.609006406136060,0.4513,4.491,3963.125,
4.209484079831510,0.44986332921435000,6.615221558114830,0.4513,4.491,3969.843,
4.20937920741905,0.4490033145465190,6.624101357652080,0.4513,4.491,3976.546,
4.209665982441140,0.4489572272442930,6.624012110657960,0.4507,4.491,3983.25,
4.20968881247268,0.44806673291270200,6.626458234294990,0.4507,4.491,3989.968,
4.2096457788458700,0.4478859360645950,6.612247330516050,0.4502,4.491,3996.687,
4.209919866876750,0.44778687339961500,6.624016205509640,0.4502,4.491,4003.39,
4.209992493347670,0.44912592525228900,6.635012933635810,0.4496,4.491,4010.109,
4.210351350625320,0.4467505868607750,6.648966576449050,0.4496,4.491,4016.812,
4.210371580985720,0.4472599522126660,6.656672957296090,0.4491,4.491,4023.515,
4.210435654174470,0.44666710847313500,6.674248747735570,0.4486,4.491,4030.281,
4.2105791876496800,0.4462949011654230,6.648500276583200,0.4486,4.491,4036.984,
4.210843049307090,0.4467498096943260,6.6533821643824900,0.4475,4.491,4043.687,
4.210968637774670,0.4451956451024510,6.654827512995200,0.448,4.491,4050.406,
4.21113295201671,0.4447552931256890,6.671050408912700,0.4475,4.491,4057.109,
4.211238044324500,0.443537021616902,6.676001766174950,0.4469,4.491,4063.828,
4.21138692487376,0.4444086854897070,6.696951896671900,0.4464,4.491,4070.531,
4.21167001544296,0.44433217838760700,6.680038858881660,0.4464,4.491,4077.25,
4.20913645247644,0.42569964906251200,6.671328349133590,0.4273,4.479,4083.953,
4.209116589163480,0.4262576422292160,6.685022683693100,0.4273,4.479,4090.656,
4.209235794683230,0.42565197940155100,6.6953909289098000,0.4273,4.479,4097.406,
4.209184554809960,0.42446960035809300,6.695481295195290,0.4268,4.479,4104.125,
4.209256784800270,0.4257286661876280,6.68849620740923,0.4268,4.479,4110.843,
4.20924819008003,0.42316931702111700,6.692540789788650,0.4262,4.479,4117.546,
4.2094154839583600,0.42434248963556100,6.6801961453875,0.4262,4.479,4124.25,
4.209442067023710,0.4235144892799820,6.695316287399020,0.4257,4.479,4130.968,
4.209816372794140,0.42383780409774300,6.709258660550800,0.4257,4.479,4137.687,
4.209799269623180,0.4227142788247610,6.708565838030760,0.4251,4.479,4144.39,
4.209729749606360,0.4217930269089190,6.711989673395110,0.4251,4.479,4151.093,
4.210100790540160,0.4202673790889640,6.703715546949210,0.4246,4.479,4157.796,
4.210247200572570,0.4211531478352960,6.701053495838850,0.424,4.479,4164.531,
4.210370301947810,0.41992823930645500,6.7063168546265600,0.424,4.479,4171.234,
4.210353232936780,0.42177056952187900,6.712083321237100,0.4235,4.479,4177.937,
4.210468442257770,0.42095969285820900,6.723497122416430,0.4229,4.479,4184.656,
4.210759023809710,0.42022898391233800,6.719067895748250,0.4224,4.479,4191.359,
4.210722625181250,0.41956942308069200,6.726661799387990,0.4224,4.479,4198.078,
4.210921651944350,0.41919274845718900,6.724733185933210,0.4213,4.479,4204.796,
4.21098924894878,0.4190472328639700,6.717142844671880,0.4213,4.479,4211.515,
4.211237117195440,0.41676932599076800,6.718883069269190,0.4202,4.479,4218.234,
4.211382757507210,0.4173339063624840,6.727947812624410,0.4197,4.479,4224.968,
4.211431555907080,0.4178810206982340,6.748700843968190,0.4197,4.479,4231.671,
4.21180748719955,0.41624387322764700,6.750284211900850,0.4191,4.479,4238.39,
4.21167493314486,0.41767731094200000,6.746707873496950,0.4191,4.479,4245.109,
4.212040699868150,0.41641582748355300,6.7443440909246300,0.4186,4.479,4251.828,
4.212205297253990,0.4157664631020640,6.7568689184461900,0.4186,4.479,4258.546,
4.2125124137553600,0.41616801541786100,6.759683036185320,0.418,4.479,4265.265,
4.212826073446170,0.41543642313630000,6.765736904350070,0.418,4.479,4271.968,
4.210410106499590,0.3986623359885300,6.779510105277390,0.4006,4.466,4278.687,
4.210478913589130,0.39780500979992500,6.7801878538062400,0.4006,4.466,4285.39,
4.210396079884960,0.39865218593137900,6.770567878271390,0.4006,4.466,4292.109,
4.210607549120410,0.39781101054886400,6.783559255602470,0.4,4.466,4298.828,
4.210422503002490,0.3983648913343180,6.7746032974195700,0.4006,4.466,4305.546,
4.210675275988650,0.3961069662708200,6.787537755618310,0.4006,4.466,4312.25,
4.210871310775630,0.39840704643020200,6.799282297153360,0.4,4.466,4318.984,
4.210907658750400,0.3971885673268320,6.801903955804510,0.4,4.466,4325.734,
4.2111363020510500,0.3964972363136580,6.812612901888810,0.3995,4.466,4332.437,
4.211349797703640,0.3973070347363560,6.817599660805180,0.3995,4.466,4339.14,
4.21126674343503,0.39743534135536600,6.8177673407503900,0.3995,4.466,4345.859,
4.211722608993140,0.39664782434084100,6.819442748523680,0.399,4.466,4352.562,
4.211710015937760,0.3967205991858480,6.827687470470630,0.399,4.466,4359.281,
4.211855048096120,0.39632185528258600,6.842412156841050,0.399,4.466,4365.984,
4.212070562247040,0.39739030740129800,6.836321007621610,0.3984,4.466,4372.687,
4.212212388135190,0.39573218414894700,6.84536235334996,0.3979,4.466,4379.39,
4.2123952040713900,0.3970144084601890,6.843247633029940,0.3979,4.466,4386.093,
4.212412879732520,0.3956561442476710,6.847442079924160,0.3973,4.466,4392.828,
4.212676208680530,0.3941115521600160,6.8475862338004400,0.3973,4.466,4399.546,
4.210247550148400,0.3771015182204270,6.857272491969260,0.3799,4.453,4406.25,
4.210361414279950,0.3796528003226260,6.871647862969140,0.3799,4.453,4412.953,
4.210391533694250,0.37882809990844200,6.86919977405371,0.3799,4.453,4419.671,
4.2104007218415700,0.37847257133776500,6.87302013243636,0.3799,4.453,4426.546,
4.210468112039440,0.37865417609654500,6.86787744014478,0.3799,4.453,4433.39,
4.210650308479690,0.37828374188559000,6.88761201242115,0.3799,4.453,4440.203,
4.2107509326802100,0.37890194336780700,6.89542731909322,0.3793,4.453,4447.015,
4.210781991777580,0.37691632222122700,6.9075533493744700,0.3788,4.453,4453.765,
4.210962577734470,0.37802008656780300,6.9114238942572000,0.3788,4.453,4460.531,
4.211019490747390,0.376278809586321,6.914234725252550,0.3788,4.453,4467.359,
4.2112729234516500,0.3765213016031560,6.912021987551340,0.3788,4.453,4474.187,
4.211333316184360,0.3755812814872160,6.918838657295590,0.3782,4.453,4480.937,
4.211486156623180,0.37486057153827000,6.931048258088240,0.3782,4.453,4487.687,
4.211614900219310,0.3762722025199320,6.937625709419290,0.3777,4.453,4494.421,
4.209185074871760,0.3592257156680030,6.933680867977180,0.3608,4.44,4501.234,
4.209202815241430,0.3580656224946470,6.91824405784697,0.3608,4.44,4508.046,
4.208998639187720,0.3589494175897670,6.856904549603500,0.3608,4.44,4514.781,
4.209132934886200,0.3592045244731380,6.7285231233515100,0.3608,4.44,4521.531,
4.209459967256070,0.3614107175080930,6.5947999087643700,0.3603,4.44,4528.328,
4.209500952176610,0.35998155546302300,6.4784864410787000,0.3603,4.44,4535.14,
4.2096523131405400,0.3597600062688000,6.390225135410120,0.3603,4.44,4541.875,
4.209733591219350,0.3578839546913820,6.354935190543200,0.3603,4.44,4548.609,
4.209859889084990,0.358294696443099,6.2641565594472300,0.3597,4.44,4555.328,
4.210117523811720,0.35667745528012200,6.188642153114960,0.3597,4.44,4562.062,
4.210442779136260,0.35936229053546400,6.101978857082180,0.3592,4.44,4568.843,
4.210542684837560,0.3583466935852570,6.0208234409714700,0.3592,4.44,4575.593,
4.210790705364520,0.3543704023860250,5.950787550106320,0.3586,4.44,4582.328,
4.210830363355090,0.3569993156675250,5.908480992488800,0.3581,4.44,4589.046,
4.211125607419200,0.35779029139254000,5.839376251318260,0.3575,4.44,4595.765,
4.211382658376440,0.3543391407277310,5.747264102383660,0.3575,4.44,4602.484,
4.211718194373480,0.35620813575846200,5.707524787530640,0.357,4.44,4609.234,
4.209214716606140,0.336869287616933,5.634439134619340,0.3384,4.428,4615.953,
4.209448649128090,0.33577869121279900,5.5892467146790000,0.3384,4.428,4622.687,
4.209517128275390,0.335228719583581,5.537403087853290,0.3384,4.428,4629.39,
4.209643091921530,0.33606821831488100,5.452245726654960,0.3384,4.428,4636.109,
4.2097927655222600,0.33727818021791600,5.4002748881392400,0.3379,4.428,4642.843,
4.20996012902533,0.3372254837641950,5.339942180438650,0.3379,4.428,4649.562,
4.210221686577020,0.336542490717595,5.22865890739164,0.3374,4.428,4656.281,
4.210513707471860,0.3364171727369300,5.176023524237990,0.3374,4.428,4662.984,
4.210515424382100,0.33335024461458000,5.115702229130860,0.3368,4.428,4669.734,
4.210850418750260,0.33514905309409000,5.079190518300030,0.3363,4.428,4676.453,
4.2111145068948100,0.3354214008843490,5.0229611121448000,0.3363,4.428,4683.14,
4.211256795252690,0.33579585982295400,5.082776871682980,0.3357,4.428,4689.937,
4.2116515003822200,0.33124400150745900,5.152297887841270,0.3352,4.428,4696.703,
4.2117004037974800,0.33215754698844500,5.234345511715060,0.3346,4.428,4703.468,
4.212065592807870,0.3322392829109290,5.282438041908220,0.3346,4.428,4710.265,
4.212285619908290,0.33130580167519200,5.316448386589010,0.3341,4.428,4716.984,
4.212389640300320,0.327418347313723,5.332586560394330,0.3335,4.428,4723.703,
4.212585904517440,0.33085662598384500,5.362918275395030,0.3335,4.428,4730.437,
4.210407331920040,0.31544687150064500,5.4092297630598900,0.3161,4.415,4737.218,
4.21038304339489,0.31452377524585400,5.413345189901280,0.3161,4.415,4744.046,
4.210531378256480,0.31424163650118700,5.424092317595800,0.3161,4.415,4750.89,
4.2104950639526,0.31383437438921000,5.459773651422300,0.3161,4.415,4757.75,
4.210575024643510,0.3136112946729750,5.468095317372410,0.3156,4.415,4764.562,
4.210586273665410,0.31338152052979500,5.4836960285367300,0.3156,4.415,4771.328,
4.2106236171404000,0.3145894457650020,5.485972166548820,0.3156,4.415,4778.109,
4.210823777324890,0.3119646109502950,5.484703394049660,0.315,4.415,4784.89,
4.210872291892950,0.3125594181039510,5.4892868454218900,0.315,4.415,4791.625,
4.211125224211670,0.3138538013366880,5.496565215804290,0.315,4.415,4798.343,
4.211322099362150,0.3126516387318200,5.495331516869620,0.3145,4.415,4805.062,
4.211332511392810,0.31230590113480000,5.498522080449460,0.3139,4.415,4811.781,
4.211394881699830,0.3130989136943930,5.5107705123331500,0.3139,4.415,4818.5,
4.211450138670950,0.31216275901035000,5.527844736191150,0.3139,4.415,4825.218,
4.2117537671895200,0.31066964612027200,5.538834716771070,0.3134,4.415,4831.937,
4.211908308664280,0.31068770691068800,5.546113946777910,0.3128,4.415,4838.656,
4.212030181208430,0.31158419754504700,5.555451687570440,0.3128,4.415,4845.359,
4.2121005752032300,0.31208624471754900,5.5518803353861000,0.3123,4.415,4852.078,
4.212203726683470,0.310635369351969,5.545554353836420,0.3123,4.415,4858.781,
4.212235659215810,0.3106948305872890,5.55326931891838,0.3123,4.415,4865.5,
4.212432749866480,0.31004347551923000,5.556342591486820,0.3117,4.415,4872.202999999990,
4.212664554924280,0.30954530659861900,5.563733983092560,0.3112,4.415,4878.921000000000,
4.21021467564359,0.29263381627537000,5.567785121322430,0.2943,4.402,4885.625,
4.210078168162690,0.2918869269173790,5.564223882149990,0.2948,4.402,4892.312000000010,
4.209852463876530,0.29136098353344000,5.5728866626376900,0.2943,4.402,4899.031000000000,
4.210110718924420,0.29290682218389300,5.5792270226564700,0.2943,4.402,4905.734000000000,
4.210012537170800,0.2913699187368840,5.582000239685050,0.2943,4.402,4912.437000000010,
4.210007151652700,0.29104562691360800,5.581455014316670,0.2938,4.402,4919.140000000000,
4.210148117231750,0.28999340353019200,5.5943323811822700,0.2938,4.402,4925.8429999999900,
4.21037117487354,0.29206224911476900,5.590082012378300,0.2938,4.402,4932.562000000010,
4.2100997786261900,0.29263004416023300,5.583440679915610,0.2938,4.402,4939.265000000000,
4.21047356299285,0.29031029799458600,5.595214312738810,0.2932,4.402,4945.9679999999900,
4.210493918944160,0.29282689694711700,5.609988788653430,0.2932,4.402,4952.671000000000,
4.210491313817380,0.2905761175678370,5.640742948493800,0.2927,4.402,4959.375,
4.210615308027440,0.2922547531083820,5.651678623624910,0.2927,4.402,4966.0929999999900,
4.2107555154563,0.2911775930451630,5.6510869012289900,0.2927,4.402,4972.796000000000,
4.210819301568310,0.2891609264713210,5.651510370089240,0.2927,4.402,4979.515000000000,
4.210856069571050,0.2890959376505430,5.644407279405540,0.2921,4.402,4986.25,
4.2110905770174500,0.29018560827119800,5.657637900687440,0.2921,4.402,4992.952999999990,
4.211105636863410,0.28962493138417700,5.652907464562620,0.2916,4.402,4999.656000000000,
4.211218300043160,0.28983213446924300,5.664049430137140,0.2916,4.402,5006.359000000000,
4.211203150834810,0.2888119443002130,5.664964305629130,0.2916,4.402,5013.062000000010,
4.2114627711647600,0.28933235610587900,5.6811958624978100,0.291,4.402,5019.781000000000,
4.211402895557020,0.28909700020750800,5.683415267056680,0.291,4.402,5026.484000000000,
4.2117642615492600,0.2893139893497250,5.705290147054750,0.2905,4.402,5033.187000000010,
4.211813327228560,0.2890262447675300,5.701252417736590,0.2905,4.402,5039.890000000000,
4.211804711160560,0.28851331892540700,5.713579342890150,0.2905,4.402,5046.609000000000,
4.21198604529985,0.2876689571591560,5.708885807872540,0.2899,4.402,5053.312000000010,
4.212226932338580,0.2886587796439690,5.714208003702910,0.2899,4.402,5060.015000000000,
4.212166935207550,0.28876242709261300,5.734622078848390,0.2894,4.402,5066.734000000000,
4.212414672386160,0.2873328262095700,5.7391252073664000,0.2894,4.402,5073.452999999990,
4.212338706870890,0.28693643674006100,5.744607261961190,0.2894,4.402,5080.375,
4.212552262211310,0.2885228063805070,5.755547198916400,0.2888,4.402,5087.109000000000,
4.21021056681814,0.269622159017657,5.76363835540072,0.2719,4.39,5094.671000000000,
4.2100023387549100,0.2727351933729780,5.762051623440860,0.2725,4.39,5101.437000000010,
4.209795527859190,0.2705052044673770,5.779861019726590,0.2725,4.39,5108.202999999990,
4.209942037063290,0.27114643927232300,5.77979876039494,0.2719,4.39,5114.937000000010,
4.209998223819310,0.2715646805801030,5.788072363224510,0.2725,4.39,5121.625,
4.209939003999990,0.2700372104848460,5.791688147349090,0.2719,4.39,5128.437000000010,
4.210228692981870,0.2701866263077460,5.80278775462937,0.2719,4.39,5135.202999999990,
4.209901983927570,0.2699192166898840,5.820258767036990,0.2719,4.39,5141.9679999999900,
4.209998512105790,0.2694630219494170,5.836090302808580,0.2719,4.39,5148.781000000000,
4.210119919093430,0.27014871506536900,5.834862549572890,0.2714,4.39,5155.827999999990,
4.210210577101920,0.2674806714052750,5.842414067011430,0.2714,4.39,5163.359000000000,
4.210342687224380,0.27099025411278600,5.845821308566150,0.2714,4.39,5170.8429999999900,
4.210436371338490,0.27064644987395800,5.854606780490050,0.2709,4.39,5177.687000000010,
4.2104507454798100,0.2685872317424520,5.850583560675240,0.2709,4.39,5184.515000000000,
4.210389523543980,0.2691289008436930,5.873010323943350,0.2709,4.39,5191.25,
4.210403125667180,0.27008942507555800,5.85550506459025,0.2709,4.39,5197.937000000010,
4.210691036259890,0.26952912987073,5.875806176058200,0.2703,4.39,5204.671000000000,
4.210800921155010,0.26816871300505400,5.889831514292060,0.2703,4.39,5211.375,
4.211024987248850,0.26907582925503900,5.89936177586302,0.2703,4.39,5218.062000000010,
4.2108044737940700,0.2700361769652710,5.906597954622000,0.2703,4.39,5224.75,
4.2110223620336800,0.26806480075087400,5.902101737838050,0.2698,4.39,5231.452999999990,
4.21104791634249,0.26875007940695600,5.902094453257030,0.2698,4.39,5238.171000000000,
4.211220190844030,0.2683575845683490,5.9164100642171800,0.2698,4.39,5244.875,
4.211151351687870,0.26748797105341100,5.9274972626750200,0.2692,4.39,5251.562000000010,
4.211385633873140,0.26796256420550900,5.949126744331750,0.2692,4.39,5258.265000000000,
4.2113539369069600,0.2674786821153850,5.948528433376830,0.2687,4.39,5264.984000000000,
4.211560215677300,0.2663528358766330,5.941745175225330,0.2681,4.39,5271.671000000000,
4.211567265741670,0.26826601036985400,5.960527812845320,0.2681,4.39,5278.375,
4.21172527586426,0.26768014388519800,5.981184052174330,0.2681,4.39,5285.062000000010,
4.211931076654530,0.2672907056102580,5.979784298148830,0.2681,4.39,5291.765000000000,
4.211943926880690,0.2673654982840880,5.983016970551340,0.2681,4.39,5298.484000000000,
4.2121051969403700,0.26724977230066600,5.989812438612510,0.2676,4.39,5305.187000000010,
4.212055194324760,0.2667411422062560,6.006307229196990,0.2676,4.39,5311.875,
4.212301433397080,0.26647008513867800,6.014760059651020,0.2676,4.39,5318.577999999990,
4.21234769201288,0.2657280144329790,6.023046186752500,0.267,4.39,5325.265000000000,
4.212402938012110,0.2642000610479690,6.022575223637990,0.267,4.39,5331.984000000000,
4.212642057547840,0.26482574555467800,6.0369406975286,0.267,4.39,5338.702999999990,
4.2125846798748100,0.26691072740545000,6.048061236273400,0.267,4.39,5345.609000000000,
4.212805024599080,0.26660227889267500,6.068949256698900,0.2665,4.39,5352.359000000000,
4.212890079954440,0.26465549225048500,6.068642523453240,0.266,4.39,5359.140000000000,
4.212985804267780,0.2641148513246840,6.065444278490180,0.266,4.39,5365.921000000000,
4.213042623479060,0.2632787853717400,6.065712352820430,0.266,4.39,5372.625,
4.213186444160360,0.26483826330605500,6.0713585511363800,0.2654,4.39,5379.327999999990,
4.213344838039770,0.2641485940481510,6.084774823745740,0.2654,4.39,5386.187000000010,
4.213440091701490,0.26448206763859600,6.082025746317640,0.2654,4.39,5392.984000000000,
4.213658766297020,0.2639094581064750,6.094886333098820,0.2649,4.39,5400.531000000000,
4.210943786883390,0.24522703015492400,6.087228155399780,0.2469,4.377,5407.296000000000,
4.210661239330930,0.24556981874877400,6.1007021670068000,0.248,4.377,5414.109000000000,
4.210883314010680,0.24575293324781800,6.111265878161990,0.248,4.377,5420.812000000010,
4.210709495614120,0.2467951249746030,6.112124473374850,0.2474,4.377,5427.531000000000,
4.210921458290120,0.24685273311989800,6.116212545234600,0.2474,4.377,5434.234000000000,
4.210834886104720,0.24634729415109300,6.120931846724470,0.2474,4.377,5440.921000000000,
4.210718864170770,0.24760414163089800,6.128593784212700,0.2474,4.377,5447.625,
4.210678845345340,0.2472531496262050,6.131656194274380,0.2474,4.377,5454.327999999990,
4.210894635491390,0.2465905845349580,6.144898168779840,0.2469,4.377,5461.046000000000,
4.210947316769300,0.2458296461541290,6.146005123408380,0.2469,4.377,5467.734000000000,
4.210883773969960,0.2472249719002220,6.147983474183830,0.2469,4.377,5474.437000000010,
4.211003934998960,0.24610702620188300,6.158057505784530,0.2469,4.377,5481.140000000000,
4.211123824196430,0.24745242494473200,6.16819912710538,0.2469,4.377,5487.827999999990,
4.2113396212762100,0.24583971396440700,6.16790975855295,0.2469,4.377,5494.546000000000,
4.211268514590070,0.2451065114253540,6.178159678014720,0.2469,4.377,5501.265000000000,
4.21141041143483,0.24688357859334100,6.194509081385970,0.2463,4.377,5507.9679999999900,
4.211345147047580,0.24442774162375600,6.204805317426720,0.2463,4.377,5514.671000000000,
4.211476704235400,0.24766542181754600,6.203146216222900,0.2463,4.377,5521.375,
4.2116312830168600,0.24571662607467300,6.222666870714760,0.2463,4.377,5528.077999999990,
4.211652106170660,0.24433429735374800,6.2255545646252900,0.2458,4.377,5534.781000000000,
4.211727078020590,0.24470212471331900,6.23729949638506,0.2458,4.377,5541.484000000000,
4.211689409243480,0.24446696286774700,6.244471093176160,0.2458,4.377,5548.187000000010,
4.21184788827878,0.24414348113603500,6.252289694749580,0.2458,4.377,5554.875,
4.211992777214310,0.24458591914914900,6.265274949238780,0.2458,4.377,5561.577999999990,
4.211850673068820,0.24496632055264700,6.2674066963440200,0.2452,4.377,5568.296000000000,
4.212195179318000,0.24371773872407000,6.272184092522600,0.2452,4.377,5575.0,
4.212120486567360,0.2424861619194150,6.27792071633192,0.2447,4.377,5581.687000000010,
4.212230148695640,0.2449960903365640,6.293558133628440,0.2447,4.377,5588.390000000000,
4.212400137359590,0.24402306226272900,6.300143430265390,0.2447,4.377,5595.0929999999900,
4.212382514137170,0.24374277543139900,6.303974208227730,0.2447,4.377,5601.796000000000,
4.2125126951971800,0.24180269566771700,6.3168849176330300,0.2442,4.377,5608.5,
4.212780838373520,0.2431700377008660,6.309118225163350,0.2436,4.377,5615.202999999990,
4.210268224375680,0.22618228300102100,6.32576341737671,0.2273,4.364,5621.906000000000,
4.210048955864760,0.22736837212031400,6.3272414020642200,0.2273,4.364,5628.656000000000,
4.210030285518000,0.22670841686588000,6.3327072231235000,0.2278,4.364,5635.3429999999900,
4.209952357908850,0.22658282207005300,6.341282365126260,0.2278,4.364,5642.046000000000,
4.209978500873840,0.22590058280147100,6.3509433645693000,0.2278,4.364,5648.75,
4.209997160431900,0.22649575123441000,6.36032895913944,0.2278,4.364,5655.452999999990,
4.209978308576060,0.22573724805655000,6.358355053961820,0.2278,4.364,5662.140000000000,
4.209934262613340,0.2255617499779790,6.378489209636140,0.2278,4.364,5668.8429999999900,
4.210085537584170,0.22609059305862100,6.3748349251740800,0.2273,4.364,5675.546000000000,
4.210069344717000,0.22651822578299400,6.399775608832410,0.2273,4.364,5682.25,
4.2101467819585300,0.2274977974441880,6.392434614549080,0.2278,4.364,5688.937000000010,
4.210198511740210,0.2254027044730710,6.406972485555660,0.2273,4.364,5695.656000000000,
4.210209420681240,0.22717003757024000,6.4097029213180000,0.2273,4.364,5702.359000000000,
4.210343721762600,0.2265212881127720,6.423470939098980,0.2273,4.364,5709.062000000010,
4.210315700027350,0.22646051196359000,6.431576267740520,0.2273,4.364,5715.765000000000,
4.210418008146730,0.22837976535348400,6.45622918280087,0.2273,4.364,5722.452999999990,
4.210614823801090,0.22605745577939800,6.450485461802640,0.2273,4.364,5729.171000000000,
4.210539787932990,0.22370720613760800,6.462304712651990,0.2267,4.364,5735.875,
4.21051386810517,0.22739686034589500,6.464135935379800,0.2267,4.364,5742.577999999990,
4.210692022384430,0.22684142869671500,6.436381938170030,0.2267,4.364,5749.265000000000,
4.21075543650776,0.2261533318755090,6.345458726291580,0.2267,4.364,5755.984000000000,
4.210777878596230,0.22368888241682200,6.231923911901480,0.2267,4.364,5762.687000000010,
4.2110184139684300,0.22733806022610400,6.086556283222370,0.2262,4.364,5769.390000000000,
4.210935697577070,0.22439519658338200,5.960978266067680,0.2262,4.364,5776.0929999999900,
4.211157767759980,0.22638243301181500,5.924424990866200,0.2262,4.364,5782.827999999990,
4.211314212615970,0.225799626567114,5.822586677243780,0.2256,4.364,5789.531000000000,
4.2113927856105900,0.22566707349678600,5.749789634967810,0.2256,4.364,5796.437000000010,
4.211560955054040,0.22487383489302700,5.6552987339924500,0.2251,4.364,5803.187000000010,
4.2117751449679800,0.22485807588371700,5.583210641058830,0.2251,4.364,5809.984000000000,
4.211891868660390,0.222667754469352,5.529042400634710,0.2251,4.364,5816.734000000000,
4.212086440067180,0.22245704013767900,5.425133739791530,0.2245,4.364,5823.437000000010,
4.2121462120853800,0.22510113781508600,5.351550342603370,0.2245,4.364,5830.140000000000,
4.212386971473760,0.22382430279262600,5.300153864408100,0.224,4.364,5836.859000000000,
4.212375787183450,0.22152823615348500,5.211896552343430,0.2234,4.364,5843.562000000010,
4.212645318789880,0.22156142925420300,5.146355591957200,0.2234,4.364,5851.0929999999900,
4.210175284086650,0.20586709619009500,5.084604153152760,0.2065,4.352,5857.859000000000,
4.210155737374380,0.20668298953918700,5.024831562308070,0.2071,4.352,5864.640000000000,
4.210280086584160,0.20766301070999700,4.9644098659876800,0.2065,4.352,5871.3429999999900,
4.210338944783740,0.20452894088782500,4.897811645710560,0.2065,4.352,5878.062000000010,
4.210457213699570,0.2044542073996860,4.848532010769820,0.2065,4.352,5884.765000000000,
4.210437061283700,0.20525429714442600,4.7965912735058000,0.2065,4.352,5891.4679999999900,
4.210697343948300,0.2051330425139710,4.773332641431080,0.206,4.352,5898.171000000000,
4.210793164681110,0.20396946336823900,4.739194064792100,0.206,4.352,5904.859000000000,
4.210863998115290,0.20596962625021100,4.674207925768330,0.2054,4.352,5911.577999999990,
4.210925997002200,0.20142117770381700,4.604081171638390,0.206,4.352,5918.327999999990,
4.211197788776610,0.2042118885673000,4.539974634549010,0.2054,4.352,5925.031000000000,
4.211272088021570,0.20445116801630800,4.456592710843410,0.2049,4.352,5931.734000000000,
4.211598311252140,0.20488571901775800,4.427394044698450,0.2049,4.352,5938.452999999990,
4.21157614636412,0.2030233717841040,4.4496683110723000,0.2044,4.352,5945.140000000000,
4.211780804798830,0.20239084540837900,4.539168627216550,0.2044,4.352,5952.187000000010,
4.21184287556907,0.20212701374347700,4.595442308386570,0.2038,4.352,5958.875,
4.211917599001000,0.2020655691093120,4.646765780724400,0.2038,4.352,5965.577999999990,
4.2122534574972100,0.20290915705359500,4.674539655442430,0.2038,4.352,5972.281000000000,
4.212148302784670,0.20292169695910000,4.7327485366242000,0.2038,4.352,5979.812000000010,
4.212515244629500,0.2019773148838830,4.770474192016390,0.2033,4.352,5986.562000000010,
4.212514172611660,0.2025944785632020,4.782708035812620,0.2033,4.352,5993.359000000000,
4.212634905454240,0.20156579571985100,4.813968875775460,0.2033,4.352,6000.077999999990,
4.212722131107840,0.20161167953467200,4.832421136938630,0.2027,4.352,6006.781000000000,
4.212868973185350,0.2007159610784810,4.849037618958590,0.2022,4.352,6013.4679999999900,
4.212874067551800,0.2021415455244350,4.882173985237990,0.2022,4.352,6020.187000000010,
4.213053848455660,0.20034985533624100,4.891488918620260,0.2022,4.352,6026.875,
4.213116627494790,0.2010709428709990,4.898756069315020,0.2022,4.352,6033.562000000010,
4.2133154056571200,0.20254827437696400,4.929953446911950,0.2016,4.352,6040.281000000000,
4.213277107164890,0.19839145764243900,4.930303533613250,0.2016,4.352,6046.984000000000,
4.213182439814360,0.19781116267023000,4.92776944535544,0.2016,4.352,6053.671000000000,
4.2135765075938500,0.19928270929881000,4.938073287031520,0.2011,4.352,6060.375,
4.211041575171950,0.18221023631578400,4.958763985448430,0.1842,4.339,6067.062000000010,
4.210793295722440,0.184867459024101,4.970735510388480,0.1847,4.339,6073.765000000000,
4.2109301347474500,0.1842137994956110,4.974464785921070,0.1853,4.339,6080.4679999999900,
4.21081519550012,0.18653628578867800,4.970076616910250,0.1853,4.339,6087.171000000000,
4.21082930915737,0.18354305814562200,4.987245456670860,0.1853,4.339,6093.906000000000,
4.210786760591790,0.18490862961967300,4.992115451052160,0.1853,4.339,6100.5929999999900,
4.210857331059940,0.18337277085972800,5.02278450386608,0.1847,4.339,6107.296000000000,
4.210833626250200,0.18541640346327100,5.01984413583733,0.1853,4.339,6113.984000000000,
4.21101730928067,0.18331416217266400,5.024028202255200,0.1847,4.339,6120.671000000000,
4.21111263432028,0.18361634026065700,5.042156371124720,0.1847,4.339,6127.390000000000,
4.210786828717580,0.18344081253842200,5.052980567453800,0.1847,4.339,6134.0929999999900,
4.211022355940060,0.1855156104015280,5.055499181835160,0.1847,4.339,6140.781000000000,
4.211113908821220,0.18339636330464500,5.055170277966840,0.1847,4.339,6147.484000000000,
4.211137337018730,0.18343527383586900,5.066563857692320,0.1847,4.339,6154.171000000000,
4.211182797747150,0.18295957466386000,5.077732872507900,0.1847,4.339,6160.890000000000,
4.211128077889560,0.18221143143780500,5.09756236314777,0.1847,4.339,6167.5929999999900,
4.211309512027550,0.18224212433211400,5.110905876834190,0.1842,4.339,6174.281000000000,
4.211392117156360,0.183336868955637,5.1114490699943200,0.1842,4.339,6180.984000000000,
4.211492922611740,0.18435855288708900,5.111289829989640,0.1842,4.339,6187.671000000000,
4.211503660962680,0.18343675295690300,5.108274708652670,0.1842,4.339,6194.390000000000,
4.2115028930538,0.1833549470260030,5.13518610552679,0.1842,4.339,6201.0929999999900,
4.211488882861400,0.1837703060390310,5.13912957639268,0.1842,4.339,6207.781000000000,
4.211801785403080,0.18417117813664800,5.13208516023389,0.1842,4.339,6214.484000000000,
4.2117478279646300,0.18415257646576900,5.134648315785060,0.1836,4.339,6221.202999999990,
4.212025890542400,0.18327066754534700,5.134824059139530,0.1836,4.339,6227.890000000000,
4.2118137561208400,0.1825339924663340,5.158312173193540,0.1836,4.339,6234.609000000000,
4.2120618457988800,0.18293451640178800,5.183353978067590,0.1836,4.339,6241.312000000010,
4.212084827454650,0.1815454553741940,5.181573304683420,0.1831,4.339,6248.0,
4.211979890206710,0.18260268739484400,5.190196165822050,0.1836,4.339,6254.859000000000,
4.2121355374706000,0.18240385626797500,5.181596891726750,0.1831,4.339,6261.625,
4.2121464689424200,0.1822314050738,5.200226107562360,0.1831,4.339,6268.375,
4.212173782396020,0.18194677672360800,5.226379619364990,0.1831,4.339,6275.140000000000,
4.212340107448450,0.18332194602443100,5.244198473384080,0.1831,4.339,6281.875,
4.212395423276770,0.1826732495281420,5.2427081335443000,0.1831,4.339,6288.577999999990,
4.212367384351550,0.1820382629467390,5.243933608079230,0.1831,4.339,6295.281000000000,
4.2126050124593500,0.1830794209841770,5.257332740363590,0.1826,4.339,6301.9679999999900,
4.21246132815172,0.18106172821863800,5.265759334020310,0.1826,4.339,6308.687000000010,
4.212584561234890,0.18105687609624700,5.274778198960720,0.1826,4.339,6315.375,
4.212617987426810,0.184508850818941,5.290837803828290,0.182,4.339,6322.0929999999900,
4.212624971375120,0.18364763734656400,5.322481625678840,0.182,4.339,6328.781000000000,
4.212765334498760,0.1803168265818260,5.313800913929550,0.182,4.339,6335.4679999999900,
4.212911192508770,0.18202710415890200,5.3161965641350900,0.182,4.339,6342.171000000000,
4.212910588930720,0.18052166115876000,5.326744624917170,0.182,4.339,6348.890000000000,
4.212974192531960,0.1811379594689100,5.341243739532760,0.182,4.339,6355.609000000000,
4.213150116439660,0.1795889237880420,5.372394992501140,0.1815,4.339,6362.390000000000,
4.213161694120520,0.18062969384921800,5.374668630032590,0.1815,4.339,6369.109000000000,
4.21324714688847,0.18096659979138400,5.381443951503250,0.1815,4.339,6375.812000000010,
4.213290336848610,0.17984039033118400,5.390232751175790,0.1815,4.339,6382.515000000000,
4.213359790708310,0.1804329578968960,5.404467709979110,0.1815,4.339,6389.202999999990,
4.213457613183100,0.17987873675313500,5.417280813077030,0.1809,4.339,6395.890000000000,
4.213439665450770,0.18152150156627200,5.426910382797060,0.1809,4.339,6402.5929999999900,
4.213412232272110,0.18113250247112100,5.41578105490139,0.1809,4.339,6409.281000000000,
4.213719077307850,0.1800542611077490,5.450062934522390,0.1809,4.339,6415.984000000000,
4.210757214167990,0.16075314116338700,5.463601886597610,0.1629,4.326,6422.671000000000,
4.210853591525890,0.16450999410200700,5.465599384736460,0.1635,4.326,6429.375,
4.210774198652410,0.1640192806453050,5.473056485449130,0.164,4.326,6436.077999999990,
4.210551759756200,0.1625137033681200,5.481955820608850,0.164,4.326,6442.765000000000,
4.210597595208650,0.16394727915871000,5.499062859015770,0.164,4.326,6449.484000000000,
4.210635485510010,0.16559825362127900,5.500867279324070,0.164,4.326,6456.171000000000,
4.210571645078750,0.16465676192368500,5.510763961465150,0.164,4.326,6462.859000000000,
4.210449406787950,0.1630833213296130,5.526183438062400,0.164,4.326,6469.562000000010,
4.210453447257940,0.1641123595178730,5.539784162620050,0.164,4.326,6476.25,
4.210360442114580,0.16252525079233400,5.54690953580574,0.164,4.326,6482.9679999999900,
4.210616344882060,0.1646198627583810,5.550032391343210,0.164,4.326,6489.656000000000,
4.2106701798985000,0.1637595006599150,5.561928606410090,0.164,4.326,6496.359000000000,
4.210653745722000,0.16370991120987300,5.58596826517576,0.164,4.326,6503.062000000010,
4.210604430569380,0.16256177062298400,5.6022977261933000,0.164,4.326,6509.765000000000,
4.2106867408753300,0.1631016162101420,5.597646292186810,0.1635,4.326,6516.4679999999900,
4.210699026783010,0.16263776935779800,5.600068472619390,0.1635,4.326,6523.156000000000,
4.21063045146822,0.16359604000369800,5.6234426174125700,0.1635,4.326,6529.859000000000,
4.210736626664530,0.16295297747444600,5.626592851017090,0.1635,4.326,6536.577999999990,
4.210851334709760,0.16326664915354800,5.644871442958900,0.164,4.326,6543.281000000000,
4.21099042049678,0.163963210405904,5.668237043573840,0.1635,4.326,6549.984000000000,
4.210765453604030,0.16189673153132900,5.667605404666750,0.1635,4.326,6556.687000000010,
4.210816562934730,0.16312700478351000,5.663706348952260,0.1635,4.326,6563.390000000000,
4.211048537473050,0.1634312412233080,5.677136038916880,0.1635,4.326,6570.077999999990,
4.210964557744630,0.1625390562181040,5.68648525860508,0.1635,4.326,6576.796000000000,
4.211026365215430,0.16200185843964800,5.706034671994880,0.1635,4.326,6583.5,
4.2109416820817300,0.16222828546603900,5.72397581094635,0.1635,4.326,6590.2179999999900,
4.211101837351320,0.16268981428326700,5.722454242912530,0.1635,4.326,6596.906000000000,
4.211228932913090,0.16223826165424500,5.723897901624040,0.1635,4.326,6603.702999999990,
4.211083672262770,0.16293369727695200,5.7491661569435700,0.1629,4.326,6610.4679999999900,
4.211153046360360,0.16205075127883800,5.750713010958260,0.1629,4.326,6617.234000000000,
4.211253279319300,0.16300290372731100,5.756575480848310,0.1629,4.326,6623.952999999990,
4.211220408639040,0.162250215103257,5.753344002000320,0.1629,4.326,6630.656000000000,
4.211359259310570,0.16350796653091000,5.7747883271682300,0.1629,4.326,6637.375,
4.211334027633160,0.1621922625281430,5.792304080386580,0.1629,4.326,6644.062000000010,
4.211444124120450,0.1606484492121180,5.798209168698370,0.1624,4.326,6650.765000000000,
4.211443380820330,0.1620553419660420,5.793272426293450,0.1624,4.326,6657.452999999990,
4.211462533220390,0.16164254334377600,5.794296685381780,0.1624,4.326,6664.140000000000,
4.2116395758801,0.16201465391458900,5.806915360675250,0.1624,4.326,6670.8429999999900,
4.211631688737900,0.16222098244319600,5.814337016694960,0.1624,4.326,6677.546000000000,
4.211543345974650,0.16181944912140600,5.821069674584220,0.1618,4.326,6684.25,
4.211777855651100,0.1629602948609880,5.834874793205100,0.1624,4.326,6690.952999999990,
4.2116906891363600,0.1626124356713830,5.8404418124284700,0.1618,4.326,6697.8429999999900,
4.211965859584320,0.1619960003708920,5.840811812504220,0.1618,4.326,6704.671000000000,
4.211888448984350,0.16232281000560800,5.8619105026101600,0.1618,4.326,6711.406000000000,
4.211929806616070,0.16162597833590400,5.866264249092260,0.1618,4.326,6718.156000000000,
4.211801428230400,0.1606679136497480,5.874460662775160,0.1618,4.326,6724.9679999999900,
4.212051110104420,0.161183420626784,5.88730490559789,0.1618,4.326,6731.781000000000,
4.212304376423700,0.1621111956657160,5.892732342264430,0.1613,4.326,6738.546000000000,
4.212063651144240,0.16114616133727100,5.891611669325970,0.1613,4.326,6745.296000000000,
4.212194627621280,0.16081776180242200,5.908445117040470,0.1613,4.326,6752.109000000000,
4.212227834768750,0.16087972219805100,5.917191940692310,0.1613,4.326,6758.906000000000,
4.212275807131660,0.1598426499270940,5.930778964069490,0.1613,4.326,6765.656000000000,
4.212300809061010,0.16010397085491600,5.940330471420340,0.1608,4.326,6772.390000000000,
4.212369189343660,0.16063038335199400,5.942289640735030,0.1608,4.326,6779.125,
4.212488241039270,0.16064108611391000,5.953512879604240,0.1608,4.326,6785.937000000010,
4.212599169644260,0.1620081459044770,5.974145862933220,0.1608,4.326,6792.734000000000,
4.212627439664010,0.1593900440611080,5.975447291199010,0.1608,4.326,6799.609000000000,
4.21277156903718,0.16037783626612300,5.980101257826120,0.1602,4.326,6806.375,
4.212784401538790,0.1599600183394590,5.991944594605970,0.1608,4.326,6813.202999999990,
4.212636029339190,0.1590433756429110,6.001523199096610,0.1602,4.326,6819.937000000010,
4.212744636621110,0.159028512694242,6.009696287204290,0.1602,4.326,6826.671000000000,
4.2129178418543,0.15968585139005600,6.0144009758928900,0.1597,4.326,6833.452999999990,
4.21284634061608,0.15946554242034900,6.024637399736070,0.1597,4.326,6840.25,
4.213135428464470,0.159461271090675,6.0375975466512600,0.1597,4.326,6846.984000000000,
4.213142524900510,0.16021466032102000,6.046528219843530,0.1597,4.326,6853.7179999999900,
4.213003428866450,0.16004973872652200,6.039702901706040,0.1597,4.326,6860.515000000000,
4.213246597030300,0.15951799355004700,6.060348354617710,0.1597,4.326,6867.312000000010,
4.213323314896480,0.1585115509147150,6.076021625590550,0.1597,4.326,6874.031000000000,
4.213181331197860,0.15780577132775800,6.078787942117600,0.1597,4.326,6880.75,
4.213340260023350,0.15839332845415200,6.0892922594187400,0.1591,4.326,6887.4679999999900,
4.213335865697400,0.15809047117649300,6.097849053489060,0.1591,4.326,6894.265000000000,
4.213467013932240,0.1588321420557420,6.101144366892820,0.1591,4.326,6901.046000000000,
4.213464358812980,0.15874660090107300,6.11693425874153,0.1591,4.326,6907.781000000000,
4.213600169163680,0.15786005315525000,6.121820060456780,0.1586,4.326,6914.5,
4.210967332408410,0.14348446965295600,6.129962494671680,0.1422,4.314,6921.2179999999900,
4.210778479661670,0.1425890026040790,6.143470272152110,0.1428,4.314,6928.015000000000,
4.2108798506303600,0.14253250016545600,6.145829865811740,0.1428,4.314,6934.796000000000,
4.210812390806150,0.14342522642043500,6.157629307138330,0.1428,4.314,6941.531000000000,
4.21074027171523,0.1425289298029630,6.166928906591630,0.1428,4.314,6948.312000000010,
4.21065452578002,0.14280382472939200,6.175165356374570,0.1428,4.314,6955.046000000000,
4.210609703115870,0.14283881267136800,6.194090642856660,0.1428,4.314,6961.765000000000,
4.210658243290950,0.14259193307707800,6.199993755570470,0.1428,4.314,6968.484000000000,
4.210642889554010,0.1428793801585830,6.214674740527920,0.1428,4.314,6975.202999999990,
4.210568253037820,0.1415168901081530,6.212091216626470,0.1428,4.314,6981.921000000000,
4.2106519119776500,0.1427706723148970,6.2312602819974900,0.1428,4.314,6988.640000000000,
4.210763517613350,0.1422415942833280,6.234772511415920,0.1428,4.314,6995.359000000000,
4.210642792534970,0.14251222578089000,6.254596462762560,0.1428,4.314,7002.077999999990,
4.210733828831220,0.1422641773203180,6.2639030982600800,0.1428,4.314,7008.781000000000,
4.21074211135453,0.1429615860280960,6.267042216163190,0.1428,4.314,7015.515000000000,
4.210661080154840,0.14083815324665200,6.282233590468560,0.1428,4.314,7022.2179999999900,
4.21070514025232,0.14239172509632300,6.2737491477246000,0.1428,4.314,7028.937000000010,
4.210640923573400,0.14258978979631600,6.294269971773540,0.1428,4.314,7035.656000000000,
4.210799838194340,0.1421111345151700,6.294386609053740,0.1428,4.314,7042.375,
4.21084316356224,0.14284058017556600,6.285823859407520,0.1428,4.314,7049.0929999999900,
4.210808257272190,0.14405173289569700,6.247434774980090,0.1428,4.314,7055.812000000010,
4.210891589454500,0.1429774495151910,6.1294166706294600,0.1422,4.314,7062.531000000000,
4.210911203371240,0.1428147333920330,5.971795867988490,0.1422,4.314,7069.25,
4.210923909920990,0.14073715399939500,5.823424394641740,0.1422,4.314,7075.9679999999900,
4.211091808205020,0.14143860954085200,5.683695346190230,0.1422,4.314,7082.734000000000,
4.211140781086470,0.14327756819644300,5.590857084586760,0.1422,4.314,7089.546000000000,
4.2112382706277800,0.14190232741100400,5.5436187617843000,0.1422,4.314,7096.3429999999900,
4.211239396551180,0.14169880291094500,5.473359102007050,0.1417,4.314,7103.077999999990,
4.211272460624840,0.14171934537003300,5.383525924628000,0.1417,4.314,7109.781000000000,
4.211365173733170,0.1414908280822070,5.331598891783720,0.1417,4.314,7116.5,
4.211642960071960,0.14057982276700400,5.252750921076750,0.1411,4.314,7123.2179999999900,
4.211618631891260,0.1405662170720480,5.162339653545290,0.1411,4.314,7129.937000000010,
4.211700668973070,0.14038991278350800,5.104504456669940,0.1411,4.314,7136.671000000000,
4.211865087326120,0.14130950711528100,5.065382097288490,0.1406,4.314,7143.359000000000,
4.2119402785408,0.14068847683618100,4.9848160542842700,0.1406,4.314,7150.077999999990,
4.211969872524530,0.1398707164106300,4.924886660897750,0.1406,4.314,7156.781000000000,
4.212227594691810,0.13961811259756900,4.865546934768080,0.1406,4.314,7163.5,
4.212374797228780,0.13970773880311900,4.8233702286325100,0.14,4.314,7170.202999999990,
4.212235275862970,0.13876605260093200,4.738225001115200,0.14,4.314,7176.906000000000,
4.212588591465750,0.13801384230114900,4.689897052871000,0.14,4.314,7183.625,
4.212663137927250,0.13776345759225300,4.667010764157810,0.1395,4.314,7190.3429999999900,
4.212580623793900,0.1398409008284160,4.587312020477940,0.139,4.314,7197.062000000010,
4.212732636064860,0.1392679181160490,4.522862485041040,0.1395,4.314,7203.765000000000,
4.212854963743470,0.13837212487759000,4.46888637174783,0.139,4.314,7210.4679999999900,
4.213029036353420,0.13856578807770000,4.4073214137740600,0.139,4.314,7217.171000000000,
4.213004706853350,0.13826696326893800,4.354204031557020,0.139,4.314,7223.890000000000,
4.213478209809340,0.13750452635108100,4.298927804790830,0.1384,4.314,7230.625,
4.213576517869150,0.13686021701082800,4.262754690561990,0.1384,4.314,7237.327999999990,
4.210979229806610,0.12118275100846800,4.2848223560575900,0.1215,4.301,7244.031000000000,
4.210704927636840,0.12206869827213500,4.354261334605840,0.1221,4.301,7250.734000000000,
4.21066404686368,0.12177074626113100,4.42733453864854,0.1215,4.301,7257.452999999990,
4.21063334559012,0.12009204559248500,4.489405339333690,0.1221,4.301,7264.156000000000,
4.210606625279210,0.12291688982733900,4.519934518020160,0.1221,4.301,7270.875,
4.210800291751210,0.12141022605582100,4.573567894840740,0.1221,4.301,7277.577999999990,
4.210705243598390,0.12144793950462100,4.601850577042340,0.1221,4.301,7284.296000000000,
4.210779787171070,0.12144054432112800,4.638409597282690,0.1221,4.301,7291.015000000000,
4.210711607018380,0.12083640920845400,4.674874519685020,0.1221,4.301,7297.7179999999900,
4.210662202630400,0.12066428080640700,4.709438437262440,0.1215,4.301,7304.437000000010,
4.210709757618680,0.12040477750554300,4.723557934345660,0.1215,4.301,7311.140000000000,
4.2107316145467600,0.12158951917184900,4.71942383145287,0.1215,4.301,7317.859000000000,
4.210849899252220,0.1202325133555290,4.7515285905037600,0.1215,4.301,7324.609000000000,
4.210826237956670,0.12045668480796300,4.776275639479310,0.1215,4.301,7331.312000000010,
4.211035302385390,0.12133564570794200,4.777938598672100,0.1215,4.301,7338.031000000000,
4.210831418320870,0.12032527471518400,4.779755610986420,0.1215,4.301,7344.734000000000,
4.210995957361480,0.12291572742843200,4.792572306609340,0.1215,4.301,7351.452999999990,
4.211060396317940,0.12074992514372000,4.824888598227440,0.1215,4.301,7358.171000000000,
4.210999649493620,0.12002824738475000,4.84082158782903,0.1215,4.301,7364.875,
4.211070305079480,0.11990242661359500,4.859439053293170,0.1215,4.301,7371.671000000000,
4.211113671765150,0.12080369415193500,4.845780700754640,0.1215,4.301,7378.437000000010,
4.211153363838920,0.12162274222204000,4.8482824130694100,0.1215,4.301,7385.2179999999900,
4.211299186420540,0.12072013536813700,4.8548001687075800,0.121,4.301,7391.9679999999900,
4.211280987885670,0.12228809023586500,4.857523320805410,0.121,4.301,7398.687000000010,
4.211367111596950,0.12035166008727100,4.865978695160670,0.121,4.301,7405.406000000000,
4.211263683945410,0.12152031841979600,4.8768150732146,0.121,4.301,7412.109000000000,
4.2112521792064000,0.12084215273313500,4.886712242258450,0.121,4.301,7418.827999999990,
4.211260901437400,0.12012730839352000,4.897669217208110,0.121,4.301,7425.546000000000,
4.211491028900100,0.12037258246786600,4.918110855152170,0.121,4.301,7432.25,
4.211364001567690,0.12102284074881200,4.937468130316920,0.1204,4.301,7438.952999999990,
4.211606898971100,0.12123654847008000,4.933014817922840,0.121,4.301,7445.656000000000,
4.211458090880770,0.12085051154665900,4.942492108592040,0.121,4.301,7452.390000000000,
4.2115696774843800,0.12088239851411500,4.951104438292750,0.1204,4.301,7459.0929999999900,
4.211653086139940,0.12174936157496000,4.963734524197300,0.121,4.301,7465.796000000000,
4.211835798621590,0.12189076286286400,4.981530219345590,0.1204,4.301,7472.515000000000,
4.211752817533760,0.12015484663973700,4.989737537599800,0.1204,4.301,7479.2179999999900,
4.211690754591830,0.11864480927701300,4.997084249032390,0.1204,4.301,7485.937000000010,
4.211796819855930,0.11847135228901000,4.99768802930339,0.1204,4.301,7492.640000000000,
4.211827608607120,0.12019165498127600,5.018622604007140,0.1204,4.301,7499.3429999999900,
4.211794245260030,0.12042246754959100,5.016640772327590,0.1204,4.301,7506.046000000000,
4.211905851883440,0.11886693670857800,5.025145767858220,0.1199,4.301,7512.75,
4.2120217794092000,0.11876726256248200,5.037930340333600,0.1199,4.301,7519.4679999999900,
4.21184733379977,0.11931880325221000,5.046054922764130,0.1199,4.301,7526.171000000000,
4.212039870029070,0.1183939502084170,5.051874369719780,0.1199,4.301,7532.890000000000,
4.212015243442980,0.11988317891876300,5.087956349302980,0.1199,4.301,7539.609000000000,
4.211952104289360,0.11827666270197100,5.093921572872940,0.1199,4.301,7546.312000000010,
4.211963140248670,0.11895254290230800,5.076944488561880,0.1199,4.301,7553.015000000000,
4.212133252013720,0.11935947440027500,5.09205734885249,0.1199,4.301,7559.7179999999900,
4.212277850442410,0.12031930427391700,5.115115809936940,0.1193,4.301,7566.437000000010,
4.212254747186150,0.11964773267360000,5.126896205930200,0.1199,4.301,7573.140000000000,
4.212294213925830,0.11876568414812700,5.119939963044370,0.1193,4.301,7579.8429999999900,
4.212391547721460,0.11791688029880600,5.134351801421690,0.1188,4.301,7586.546000000000,
4.212381158806350,0.1189940007141790,5.149205724486960,0.1193,4.301,7593.25,
4.21242450009101,0.11978706319457400,5.163954858170420,0.1193,4.301,7599.9679999999900,
4.212331156843560,0.11779508386977500,5.172206998203890,0.1193,4.301,7606.671000000000,
4.212412582625590,0.11939189053756100,5.189808195566110,0.1193,4.301,7613.375,
4.212527149088580,0.11868209911965400,5.209051371721240,0.1188,4.301,7620.077999999990,
4.212426488630040,0.11910798219746400,5.215764774077820,0.1188,4.301,7626.781000000000,
4.212651248570510,0.11849499829212800,5.224382365116730,0.1188,4.301,7633.484000000000,
4.21260381456529,0.11827298937408600,5.236619750924540,0.1188,4.301,7640.187000000010,
4.212706631033770,0.11999535582010900,5.247549093815880,0.1188,4.301,7646.890000000000,
4.2126778251735500,0.11836907667945900,5.261092117214780,0.1188,4.301,7653.577999999990,
4.212645156271930,0.11790993421468000,5.269026772791520,0.1188,4.301,7660.312000000010,
4.212738650550850,0.11840551230622200,5.277526085402870,0.1182,4.301,7667.0,
4.212900929298610,0.1168798933969680,5.279287169475510,0.1182,4.301,7673.702999999990,
4.212789439578270,0.11722619468139400,5.304849981015130,0.1182,4.301,7680.406000000000,
4.212964056597570,0.1192589077827770,5.317000678346310,0.1182,4.301,7687.109000000000,
4.212896425143680,0.11829987100592600,5.321490346211100,0.1182,4.301,7693.812000000010,
4.212913209320780,0.11920094030962000,5.327608195660770,0.1182,4.301,7700.515000000000,
4.213017276558610,0.11749866253532000,5.343944790470340,0.1182,4.301,7707.2179999999900,
4.213041192652360,0.11721988372160000,5.3549973196930600,0.1182,4.301,7713.906000000000,
4.212963883167870,0.1167904438430030,5.361672882063030,0.1177,4.301,7720.609000000000,
4.213144136866780,0.11709874180982400,5.382475993813300,0.1177,4.301,7727.327999999990,
4.213153674405350,0.11786255452151500,5.383465207088930,0.1177,4.301,7734.031000000000,
4.213278253997290,0.11716190108394200,5.402327675148400,0.1177,4.301,7740.7179999999900,
4.213243721192920,0.11831468202609300,5.4035355683877300,0.1177,4.301,7747.421000000000,
4.213103326952510,0.11620177184438200,5.409367333081510,0.1177,4.301,7754.125,
4.213251570248890,0.11778192374220000,5.434899836413310,0.1177,4.301,7760.8429999999900,
4.2134273803377000,0.1187347434609970,5.442278298806460,0.1177,4.301,7767.531000000000,
4.2134390799535800,0.11855162929195000,5.452384945989660,0.1177,4.301,7774.234000000000,
4.213438537618230,0.11717072970035700,5.461836813891270,0.1171,4.301,7780.937000000010,
4.213506512389240,0.11760777358768300,5.475232045250480,0.1171,4.301,7787.640000000000,
4.213518874037120,0.11552682280970900,5.49471858000629,0.1171,4.301,7794.3429999999900,
4.213662587038390,0.11719953386381900,5.498494041000370,0.1171,4.301,7801.031000000000,
4.210878891480630,0.1015072048351700,5.510251674849630,0.1002,4.288,7807.734000000000,
4.210705324865130,0.1000864160992690,5.528864543862870,0.1008,4.288,7814.421000000000,
4.210794916244770,0.10011800503713100,5.541311538671930,0.1013,4.288,7821.140000000000,
4.210553850625350,0.10102696335686900,5.559647950284890,0.1013,4.288,7827.827999999990,
4.210446229513510,0.10084600539863400,5.557597252987020,0.1013,4.288,7834.531000000000,
4.2104969755171500,0.10260082214325100,5.5681812243630800,0.1019,4.288,7841.234000000000,
4.210350076561560,0.10026945527278400,5.58346798736956,0.1013,4.288,7847.937000000010,
4.210452539684940,0.10127118376798800,5.599541453285340,0.1013,4.288,7854.640000000000,
4.210398530215920,0.10024316848275300,5.601575067919810,0.1013,4.288,7861.3429999999900,
4.2102215111904400,0.1007975859063980,5.598551134865870,0.1019,4.288,7868.046000000000,
4.210456883583030,0.10076701469152100,5.603384041402620,0.1019,4.288,7874.734000000000,
4.210243734997870,0.10188870870265800,5.618648331450890,0.1019,4.288,7881.437000000010,
4.210274217965640,0.10101864728483100,5.623911071935810,0.1019,4.288,7888.156000000000,
4.210295350930500,0.1015873369209140,5.632821833015240,0.1013,4.288,7894.8429999999900,
4.210289493138880,0.10235721753818500,5.655583504940580,0.1019,4.288,7901.546000000000,
4.210343476790930,0.1022918271188930,5.664138215581140,0.1013,4.288,7908.25,
4.210364519383640,0.10113664669195400,5.671149615265520,0.1019,4.288,7914.952999999990,
4.2103343708135,0.10210116795446300,5.669368873648930,0.1019,4.288,7921.671000000000,
4.2102340393874900,0.10129121633251300,5.695498320681090,0.1019,4.288,7928.359000000000,
4.210293130106250,0.10041983803979200,5.70730238177536,0.1019,4.288,7935.062000000010,
4.210216654950660,0.10332792605469500,5.714989366428820,0.1019,4.288,7941.765000000000,
4.210189536820570,0.10332535874674400,5.718326686275460,0.1019,4.288,7948.484000000000,
4.210235281099650,0.10181939375734200,5.726415453863760,0.1013,4.288,7955.187000000010,
4.210266820475880,0.10141104054710200,5.746429789435180,0.1013,4.288,7961.875,
4.210310542329910,0.10176004839987100,5.756052925994370,0.1013,4.288,7968.577999999990,
4.210299635631120,0.10200774512779200,5.767938510439070,0.1013,4.288,7975.281000000000,
4.2103627702853200,0.10161335362812300,5.775035093456900,0.1013,4.288,7982.0,
4.210282532188100,0.10049580276403700,5.7832707194034700,0.1013,4.288,7988.702999999990,
4.210438442858140,0.10126460211729300,5.791742078223510,0.1013,4.288,7995.390000000000,
4.210363254927450,0.101361472388923,5.797164783760800,0.1013,4.288,8002.0929999999900,
4.210427662580710,0.10104795672875500,5.806266637368940,0.1013,4.288,8008.796000000000,
4.210443619594980,0.1013520048268470,5.821770241335160,0.1013,4.288,8015.515000000000,
4.210510075865820,0.10142245606640600,5.831111664190630,0.1013,4.288,8022.2179999999900,
4.210464406360390,0.10049324086630000,5.823699052166060,0.1013,4.288,8028.906000000000,
4.210442797582760,0.09981584442091220,5.841965819268150,0.1013,4.288,8035.609000000000,
4.210520575721260,0.10137955285014000,5.84495921810483,0.1013,4.288,8042.312000000010,
4.210414395843980,0.10060858509231400,5.851114626256020,0.1013,4.288,8049.031000000000,
4.210602745453000,0.10107047941986500,5.863093863276350,0.1013,4.288,8055.734000000000,
4.210702304054760,0.10048167630239900,5.879483711319570,0.1013,4.288,8062.437000000010,
4.210643925678510,0.10050174541236500,5.882538922706080,0.1013,4.288,8069.140000000000,
4.2105474614866900,0.10136490432587100,5.877725027533250,0.1013,4.288,8075.859000000000,
4.210671081877290,0.10154570287810200,5.894673377617000,0.1013,4.288,8082.562000000010,
4.210616288677260,0.10157085072953700,5.896942924689230,0.1013,4.288,8089.265000000000,
4.210560290827970,0.10004970149811200,5.911968668913420,0.1013,4.288,8095.9679999999900,
4.210703528042570,0.1007854610461510,5.930450150526110,0.1008,4.288,8102.671000000000,
4.210670117332000,0.1008432870455750,5.9259265659378900,0.1008,4.288,8109.390000000000,
4.210917710689700,0.10145210608077700,5.927620081210120,0.1008,4.288,8116.0929999999900,
4.210753403375700,0.10051728877992500,5.9418483194797600,0.1008,4.288,8122.796000000000,
4.210811159387260,0.09947539050853430,5.9644740268931500,0.1008,4.288,8129.484000000000,
4.2108502219638500,0.10084472351477200,5.97192049245133,0.1008,4.288,8136.187000000010,
4.210756938414400,0.10117159164691200,6.01151016245656,0.1008,4.288,8142.921000000000,
4.2107137636982100,0.10065775469567700,6.0195139945281300,0.1008,4.288,8149.625,
4.210806292465720,0.10025116889904100,6.011510078757470,0.1008,4.288,8156.312000000010,
4.210924827481740,0.1000507088547720,6.040678765047120,0.1008,4.288,8163.015000000000,
4.211009855980690,0.10056320814240200,6.019649574617540,0.1008,4.288,8169.7179999999900,
4.21097930696579,0.1002266955657460,6.039877073722580,0.1008,4.288,8176.421000000000,
4.2110060279994100,0.10112859932603900,6.061964009582190,0.1008,4.288,8183.125,
4.211091149979000,0.10119111556028600,6.0574429071796600,0.1008,4.288,8189.827999999990,
4.2111970600380200,0.09994271861527190,6.048642258593380,0.1008,4.288,8196.531000000000,
4.211061444625930,0.10125639402701700,6.06428957119848,0.1002,4.288,8203.265,
4.211274283759620,0.10172791259911500,6.0796556177199600,0.1002,4.288,8209.967999999990,
4.211172058467230,0.10141977066852500,6.090112492863880,0.1002,4.288,8216.656000000000,
4.211207246435210,0.10130878300758500,6.103181947976680,0.1002,4.288,8223.359000000000,
4.211127125998010,0.10069669027001300,6.108927062211600,0.1002,4.288,8230.062000000010,
4.211104637892540,0.10001858143258600,6.1079171728992400,0.1002,4.288,8236.781000000000,
4.211427617774730,0.09838912928943320,6.124088064209670,0.1002,4.288,8243.515,
4.211069146822940,0.09939246776650950,6.1242969345465700,0.1002,4.288,8250.202999999990,
4.21144692577573,0.10013715067691000,6.134124406459300,0.1002,4.288,8256.89,
4.211340146386390,0.0992802098757393,6.147461508756850,0.1002,4.288,8263.592999999990,
4.211284738787290,0.10129128366850500,6.161214988791090,0.0997,4.288,8270.296000000000,
4.2112218732880900,0.10054536036153600,6.166569332192720,0.0997,4.288,8277.0,
4.211351761269720,0.09967786238885720,6.169563903410080,0.0997,4.288,8283.702999999990,
4.211253731098660,0.09919094594709520,6.187899189694130,0.0997,4.288,8290.39,
4.211468229487030,0.09803112152831450,6.206301069556000,0.0997,4.288,8297.092999999990,
4.211497247689330,0.09880134156213560,6.216199301954290,0.0997,4.288,8303.781000000000,
4.21141313472449,0.09845264468976760,6.239637466539070,0.0997,4.288,8310.5,
4.211434957646700,0.09985351898154210,6.276588497067040,0.0997,4.288,8317.187000000010,
4.211602438728630,0.09912334832841340,6.259582104679940,0.0997,4.288,8323.89,
4.211622914049910,0.09930673695158120,6.262850266370520,0.0997,4.288,8330.592999999990,
4.211636266190070,0.09895213830889290,6.256438773462000,0.0992,4.288,8337.281000000000,
4.211698186818240,0.09864057098196570,6.245106036024580,0.0992,4.288,8343.984000000000,
4.2116203386665000,0.0992558371314323,6.164866332211900,0.0992,4.288,8350.687000000010,
4.2116813656707900,0.09906928122799790,6.019875089952340,0.0992,4.288,8357.39,
4.211661176723040,0.09965430044224180,5.826079740426860,0.0992,4.288,8364.077999999990,
4.211603803914050,0.09941116788022730,5.69732654381433,0.0992,4.288,8370.796000000000,
4.211921685951660,0.09808844349277490,5.567995529040560,0.0986,4.288,8377.5,
4.211939679324270,0.09895387500792840,5.463886442034420,0.0986,4.288,8384.187000000010,
4.2120307293804800,0.10035282627682600,5.448991634838810,0.0986,4.288,8390.89,
4.212084753478010,0.09890958649929750,5.378283717493270,0.0986,4.288,8397.577999999990,
4.212303463895890,0.0982470677447186,5.300327952792690,0.0986,4.288,8404.296000000000,
4.21219978136661,0.09796261986785960,5.2288435690215,0.0986,4.288,8410.984000000000,
4.2123903339825300,0.09738151853493820,5.166507398904210,0.0981,4.288,8417.687000000010,
4.212584101019010,0.0972454717419325,5.099106855600170,0.0981,4.288,8424.375,
4.21246789144803,0.0956922190796546,5.037342208518880,0.0981,4.288,8431.077999999990,
4.212404350622210,0.0950895982050937,4.952813471352880,0.0981,4.288,8437.796000000000,
4.212698934910840,0.09437738333512740,4.898128272377760,0.0975,4.288,8444.484000000000,
4.21271300645579,0.09514390622117410,4.851780991417330,0.0975,4.288,8451.187000000010,
4.212851957696030,0.0972097637830082,4.7818316477271300,0.0975,4.288,8457.89,
4.21285704403347,0.09562747742821150,4.709321659662520,0.097,4.288,8464.592999999990,
4.212956043196620,0.09706377463413580,4.678618968421690,0.097,4.288,8471.296000000000,
4.213005364919370,0.09633267093792510,4.617711579101550,0.097,4.288,8478.0,
4.213092278251030,0.09493958953951720,4.550466679209590,0.097,4.288,8484.687000000010,
4.212952947243390,0.09666915173835660,4.484454648488190,0.0964,4.288,8491.375,
4.213092019194910,0.0965856794385057,4.4556946676192900,0.0964,4.288,8498.062000000010,
4.213461947491250,0.0962416800704637,4.395722133078340,0.0964,4.288,8504.781000000000,
4.213330296700430,0.09643266684544270,4.372884779024150,0.0964,4.288,8511.467999999990,
4.213543924750170,0.09475616922323850,4.29356211669371,0.0964,4.288,8518.171000000000,
4.213583340774400,0.09614497795016060,4.260125382859780,0.0959,4.288,8524.859000000000,
4.210713708522870,0.07942302690594340,4.231910966479010,0.0784,4.276,8531.577999999990,
4.210778506102720,0.07611885659027350,4.20569692130727,0.079,4.276,8538.265,
4.210679530762720,0.07806471076038610,4.203535341409140,0.079,4.276,8544.967999999990,
4.210449705385450,0.0785107421054118,4.295640568816890,0.079,4.276,8551.671000000000,
4.210578608257700,0.08037875750764450,4.3791823442147,0.079,4.276,8558.359000000000,
4.210628158279040,0.07933144946591450,4.439256712263520,0.079,4.276,8565.062000000010,
4.210645015798240,0.07742577999396000,4.492011656909640,0.079,4.276,8571.765,
4.210480267890140,0.07752383010461390,4.5246830468045100,0.079,4.276,8578.452999999990,
4.210585289351390,0.07888029713616400,4.560625925172220,0.079,4.276,8585.171000000000,
4.2104926546693600,0.07938495632350900,4.576268127865920,0.079,4.276,8591.875,
4.2102447046759000,0.07906166013225520,4.593475333573330,0.079,4.276,8598.592999999990,
4.210417756580320,0.07869267600109000,4.640406639437850,0.079,4.276,8605.296000000000,
4.210340507481470,0.07869109270891220,4.662770683961100,0.079,4.276,8612.092999999990,
4.210540077842710,0.07896858777089560,4.6646031503745700,0.079,4.276,8618.842999999990,
4.210578352164130,0.0781552146513346,4.685211544054610,0.079,4.276,8625.609000000000,
4.210454024491460,0.07723382103834540,4.711638135764090,0.079,4.276,8632.359000000000,
4.210434560767320,0.07720241649365100,4.754336259231420,0.079,4.276,8639.092999999990,
4.210697821838060,0.07800006663996840,4.76472349383474,0.079,4.276,8645.781000000000,
4.210535463582360,0.0762262054620388,4.756781995420200,0.079,4.276,8652.484000000000,
4.210514602791300,0.07792758775803550,4.765992281434500,0.079,4.276,8659.202999999990,
4.210177376136070,0.07828004039155520,4.785392976627120,0.079,4.276,8665.906000000000,
4.2105967674345300,0.07834291786068860,4.784798508103690,0.079,4.276,8672.592999999990,
4.210604277537270,0.07887522322542440,4.809147652178890,0.079,4.276,8679.296000000000,
4.210591777704750,0.07777158239873280,4.805304256060940,0.079,4.276,8686.0,
4.210569428169150,0.07791885822618410,4.83120681697662,0.079,4.276,8692.717999999990,
4.210528136004890,0.0790015045296196,4.84292874959099,0.079,4.276,8699.421000000000,
4.210637255093580,0.07620589464133190,4.851106280772090,0.079,4.276,8706.125,
4.2108089407770600,0.08001953143784990,4.853864326630210,0.079,4.276,8712.859000000000,
4.210662757888900,0.07826087602657020,4.860423466591400,0.079,4.276,8719.562000000010,
4.21043453934041,0.07828474309970870,4.875272292958010,0.079,4.276,8726.265,
4.210792800409580,0.07846062264172230,4.891900477391030,0.079,4.276,8733.0,
4.2105177247164,0.07795082536135890,4.885069012281670,0.079,4.276,8739.687000000010,
4.210718997076720,0.07537455125933800,4.901184895604920,0.079,4.276,8746.39,
4.210700563618050,0.07777161582943830,4.917885939943270,0.079,4.276,8753.092999999990,
4.210796150064090,0.07776659113803090,4.941021426418790,0.079,4.276,8759.796000000000,
4.210669674408360,0.07917037917558620,4.9572301521060100,0.079,4.276,8766.515,
4.210780160636470,0.07610590620077050,4.967129456954850,0.0784,4.276,8773.25,
4.210605319745070,0.07850549058679480,4.959477715486660,0.079,4.276,8779.952999999990,
4.210773869282830,0.08190499595475940,4.9731901880565700,0.0784,4.276,8786.656000000000,
4.21074936088668,0.07901804279057060,4.968090450239710,0.0784,4.276,8793.359000000000,
4.2107263292046,0.0777608385167729,4.989405064978440,0.0784,4.276,8800.077999999990,
4.210650856161090,0.07847236864911350,4.99676848938355,0.0784,4.276,8806.781000000000,
4.211057971924650,0.07762454299734870,5.001680938243180,0.0784,4.276,8813.484000000000,
4.211040445388070,0.0781006994809371,5.023555508801540,0.0784,4.276,8820.202999999990,
4.210868359421340,0.07982508216633810,5.032383785267880,0.0784,4.276,8826.89,
4.211032673716310,0.0781189243375486,5.048703128450100,0.0784,4.276,8833.625,
4.210998492222030,0.07802509512567690,5.051566110891100,0.0779,4.276,8840.327999999990,
4.211084718568100,0.0745674690917414,5.052800407044430,0.0784,4.276,8847.031000000000,
4.211159834274070,0.07729279167924840,5.07636036574106,0.0784,4.276,8853.75,
4.21116408503525,0.0772393636872183,5.0971629116857600,0.0784,4.276,8860.484000000000,
4.210950142276020,0.07863425498095320,5.1034492500464200,0.0784,4.276,8867.187000000010,
4.211215044804490,0.07618062120044810,5.114609911225560,0.0784,4.276,8873.89,
4.21105983510592,0.07754389156283390,5.12831433892333,0.0784,4.276,8880.609000000000,
4.210898601301400,0.0788269537403887,5.139312227271270,0.0779,4.276,8887.312000000010,
4.21113115477331,0.07748025085179960,5.158643973937530,0.0779,4.276,8894.015,
4.211009950012940,0.07787626545654070,5.159940367750600,0.0784,4.276,8900.702999999990,
4.211127761534770,0.07824966102634730,5.1713958326333000,0.0779,4.276,8907.406000000000,
4.2112024030486400,0.07658888533661530,5.198287169111670,0.0779,4.276,8914.109000000000,
4.2110158639732400,0.0779953013074019,5.200620753666050,0.0784,4.276,8920.812000000010,
4.21126034777054,0.07818839154315450,5.220325736878830,0.0779,4.276,8927.531000000000,
4.21130459651989,0.07673245160583350,5.224577475812850,0.0784,4.276,8934.217999999990,
4.211163427036310,0.07644879019539510,5.219939142703730,0.0779,4.276,8940.921000000000,
4.211297348740590,0.07763039788418750,5.218569339582420,0.0779,4.276,8947.656000000000,
4.211223281857270,0.07720170100413840,5.242652323459900,0.0779,4.276,8954.359000000000,
4.2112131312815500,0.07614988608046680,5.25219805385372,0.0779,4.276,8961.077999999990,
4.211349465919460,0.07710593146953790,5.267808431494130,0.0779,4.276,8967.89,
4.211433984108480,0.0773390618252901,5.273373936493050,0.0779,4.276,8974.702999999990,
4.211331354183580,0.07812413154405960,5.297676226983760,0.0779,4.276,8981.452999999990,
4.211477143092860,0.07841028652638260,5.306293057398220,0.0779,4.276,8988.217999999990,
4.2114846993899200,0.07724761423157970,5.316485840481530,0.0779,4.276,8995.015,
4.211574635843100,0.07664700445517030,5.326355212158140,0.0774,4.276,9001.89,
4.2114867976010900,0.0771339983829754,5.337438919226080,0.0779,4.276,9008.717999999990,
4.211324139220580,0.07607842362088300,5.352652390293380,0.0779,4.276,9015.531000000000,
4.2115500610783200,0.07740306988866790,5.358945553953320,0.0774,4.276,9022.296000000000,
4.211510316470410,0.07858002111247640,5.365662300335360,0.0774,4.276,9029.031000000000,
4.211491818880900,0.07652458020155200,5.37765818506941,0.0779,4.276,9035.842999999990,
4.211575798845710,0.07756875465608130,5.387072876855700,0.0774,4.276,9042.64,
4.211865950747910,0.07435704548236880,5.391496972718870,0.0774,4.276,9049.39,
4.211683537902120,0.07621582649551560,5.414575753832580,0.0774,4.276,9056.109000000000,
4.211669529728550,0.07745315841147140,5.432914785300260,0.0774,4.276,9062.842999999990,
4.2116233328412,0.07839037629617500,5.448589629379580,0.0774,4.276,9069.64,
4.211435952288890,0.07657541513765450,5.442979854820920,0.0774,4.276,9076.421000000000,
4.211502675956190,0.0782299416205595,5.444703639287000,0.0774,4.276,9083.171000000000,
4.211920396728540,0.07527866684322190,5.464454869440490,0.0774,4.276,9089.89,
4.211845273775190,0.07573482788482110,5.474461990951630,0.0774,4.276,9096.609000000000,
4.21165850007606,0.07713159269568230,5.478114292110220,0.0774,4.276,9103.406000000000,
4.211678712350650,0.071497854239726,5.510153095467990,0.0768,4.276,9110.171000000000,
4.211745010007960,0.07813334380185300,5.523595173700760,0.0768,4.276,9116.952999999990,
4.2118221055821900,0.07587947469115780,5.5315887050975000,0.0774,4.276,9123.734000000000,
4.21176466086692,0.07732123849578490,5.537633491172340,0.0774,4.276,9130.467999999990,
4.211729399745980,0.07622581087939240,5.5535806820358600,0.0768,4.276,9137.187000000010,
4.211826428272060,0.0779653104127868,5.556455429620420,0.0768,4.276,9143.906000000000,
4.211947078424460,0.07980058509492100,5.564270648336310,0.0768,4.276,9150.625,
4.211959469260160,0.07638394798429280,5.574583159799400,0.0768,4.276,9157.327999999990,
4.211803217232590,0.07724416091952460,5.578185505234140,0.0768,4.276,9164.031000000000,
4.211992677577660,0.07682598559892760,5.60737523784413,0.0768,4.276,9170.75,
4.211779935878430,0.07569885651275660,5.628064905129980,0.0768,4.276,9177.452999999990,
4.212013650602580,0.07634908427027840,5.630792740469270,0.0768,4.276,9184.171000000000,
4.211927014934620,0.0772148777500159,5.62907503502462,0.0768,4.276,9190.875,
4.211958969535180,0.07548940165172090,5.64555950210828,0.0768,4.276,9197.592999999990,
4.212077336073210,0.07651013926995170,5.648485601877770,0.0763,4.276,9204.296000000000,
4.212050186813660,0.07521347819762740,5.668063426665710,0.0768,4.276,9211.015,
4.212062198603150,0.07724220336894210,5.667091454104560,0.0768,4.276,9217.734000000000,
4.212127204620110,0.07504749862161430,5.680303494862150,0.0763,4.276,9224.437000000010,
4.212130679045550,0.07708821141528110,5.683172836176960,0.0763,4.276,9231.14,
4.2121844009128600,0.07394513237706890,5.707388930782200,0.0763,4.276,9237.842999999990,
4.2119889857100800,0.07455988467496180,5.692640383213630,0.0768,4.276,9244.577999999990,
4.21206380166418,0.07715345994006250,5.723132644404380,0.0763,4.276,9251.281000000000,
4.212286004410190,0.07640512302170730,5.7452550138858900,0.0763,4.276,9257.984000000000,
4.212227360050080,0.07533200189605920,5.73322422127988,0.0763,4.276,9264.687000000010,
4.212215999842320,0.07668826492335260,5.738219821620830,0.0763,4.276,9271.406000000000,
4.212144586695820,0.0763160804710131,5.742006227354970,0.0763,4.276,9278.109000000000,
4.2124223005162,0.07606433214195680,5.749806343822520,0.0763,4.276,9284.812000000010,
4.212436738718620,0.07604548266305770,5.762016984507640,0.0763,4.276,9291.515,
4.212320398168220,0.07702073590589790,5.7651108906582400,0.0763,4.276,9298.234000000000,
4.212410507125890,0.07539415453047730,5.7793579094583900,0.0763,4.276,9304.937000000010,
4.21249194911533,0.07627179569437140,5.791769096009000,0.0763,4.276,9311.656000000000,
4.212380720826630,0.0761883902055449,5.8048699574128700,0.0763,4.276,9318.359000000000,
4.212486527665710,0.07625555084967790,5.826555984199140,0.0763,4.276,9325.077999999990,
4.212534709698820,0.07493401654565060,5.820811863585650,0.0763,4.276,9331.781000000000,
4.212501137411600,0.07559549885982030,5.832453959436480,0.0757,4.276,9338.515,
4.212388703733500,0.07500672546059900,5.830641875947730,0.0757,4.276,9345.234000000000,
4.212561255647650,0.07624490280899200,5.833502314894720,0.0763,4.276,9351.937000000010,
4.212589184750070,0.0753051045068122,5.850999928778770,0.0757,4.276,9358.656000000000,
4.212498324825020,0.07675930260114780,5.868363901194750,0.0757,4.276,9365.359000000000,
4.212508524600010,0.07483076546414710,5.863475459705130,0.0757,4.276,9372.077999999990,
4.212621440243310,0.07324450352712000,5.893219394705720,0.0757,4.276,9378.796000000000,
4.2126054570868900,0.07532054971165480,5.890918464591720,0.0757,4.276,9385.5,
4.212629339992900,0.07456988132427070,5.893606555580020,0.0757,4.276,9392.202999999990,
4.212784137754340,0.0748641819686044,5.898382818988000,0.0757,4.276,9398.921000000000,
4.212616408123350,0.07615302173564660,5.917478353651920,0.0757,4.276,9405.64,
4.212742077511080,0.07613754491490000,5.920862170987790,0.0757,4.276,9412.359000000000,
4.212639885060750,0.07328162001283240,5.9381408238198900,0.0752,4.276,9419.062000000010,
4.21270568686232,0.0755965938107501,5.949092524798990,0.0752,4.276,9425.765,
4.212691194386250,0.07504433757395580,5.946395216836680,0.0752,4.276,9432.452999999990,
4.21276468775432,0.07567743076411130,5.959179598332940,0.0752,4.276,9439.156000000000,
4.212869247911770,0.07599432574423800,5.975845080339740,0.0752,4.276,9445.875,
4.212879523193140,0.07366482905324470,5.997339747857150,0.0752,4.276,9452.592999999990,
4.212890955436980,0.07442835223474920,6.005074068193160,0.0752,4.276,9459.327999999990,
4.212898141504990,0.07276384783895970,5.99182308260998,0.0752,4.276,9466.031000000000,
4.212900290635540,0.07452449975813210,6.003249804362930,0.0752,4.276,9472.75,
4.213087651232920,0.07468488743127280,6.005479611734680,0.0752,4.276,9479.452999999990,
4.213058533209850,0.0752383759527062,6.037209102403680,0.0752,4.276,9486.156000000000,
4.213175880567050,0.07569330577759120,6.028932492536730,0.0752,4.276,9492.859000000000,
4.213046008595390,0.07446943493055410,6.04575279612906,0.0746,4.276,9499.592999999990,
4.2129869978416500,0.07327359426715670,6.064193343767790,0.0752,4.276,9506.296000000000,
4.2131221529975700,0.07418704543075400,6.076556027763000,0.0752,4.276,9513.0,
4.213085386698110,0.07519037488676730,6.064514741956780,0.0752,4.276,9519.687000000010,
4.213114961267630,0.07568005533939000,6.0692898381499600,0.0752,4.276,9526.39,
4.213296003430850,0.07362542619720920,6.10582651891425,0.0746,4.276,9533.109000000000,
4.213187076259070,0.0743876084215566,6.105427440306670,0.0746,4.276,9539.812000000010,
4.213170771912050,0.07416242834622460,6.108030112872430,0.0746,4.276,9546.515,
4.213331738534130,0.07459248708625630,6.125791879639350,0.0746,4.276,9553.217999999990,
4.213259272853750,0.07397386142082840,6.130038356210520,0.0746,4.276,9559.921000000000,
4.213146196021160,0.07421928864644260,6.135490304031300,0.0746,4.276,9566.64,
4.2132824698176500,0.07625967822374290,6.1372713844760500,0.0746,4.276,9573.342999999990,
4.21354503382778,0.07401903715124530,6.149457387973330,0.0746,4.276,9580.046000000000,
4.213514848568470,0.07500743873813840,6.149137012939740,0.0746,4.276,9586.765,
4.213543728497370,0.073296009364091,6.1646353946089400,0.0741,4.276,9593.467999999990,
4.2132586806916800,0.07227935684300720,6.175447727803500,0.0746,4.276,9600.187000000010,
4.213326141753690,0.07429380843868880,6.187718805843060,0.0741,4.276,9606.89,
4.213487251114190,0.07484725920154720,6.195694165208890,0.0746,4.276,9613.609000000000,
4.213453122253290,0.07507605539373430,6.209837227330480,0.0746,4.276,9620.592999999990,
4.2134768458052500,0.07309767803771480,6.231366359992680,0.0741,4.276,9627.342999999990,
4.213572853977040,0.07517752000947210,6.229617870085620,0.0741,4.276,9634.062000000010,
4.213531308165940,0.07334571446441710,6.238593564256720,0.0741,4.276,9640.781000000000,
4.21348809711737,0.07257498678541150,6.2315909295649200,0.0741,4.276,9647.515,
4.213483268198810,0.07235320511245020,6.2244339144333000,0.0741,4.276,9654.234000000000,
4.2136250650471200,0.07377308628052620,6.140724027666550,0.0735,4.276,9660.984000000000,
4.213602724564110,0.07382431819291920,5.998288951815160,0.0741,4.276,9667.702999999990,
4.213776333779600,0.07304775078491180,5.819804562735830,0.0741,4.276,9674.421000000000,
4.213638626665490,0.07439794761994650,5.671326958041480,0.0735,4.276,9681.156000000000,
4.213802032020870,0.07427157496535000,5.568867216512090,0.0735,4.276,9687.875,
4.213910243923510,0.07243471041898870,5.4860336570461800,0.0735,4.276,9694.625,
4.213987666911680,0.07233436891266360,5.426082649444150,0.0735,4.276,9701.375,
4.213976529155590,0.07310714441551660,5.349717582659030,0.0735,4.276,9708.109000000000,
4.213847799478930,0.07522286447775460,5.300882189964080,0.073,4.276,9714.812000000010,
4.214236557583480,0.07321120157329930,5.247499837788980,0.0735,4.276,9721.515,
4.214007862702560,0.0719565760028451,5.17858335578415,0.073,4.276,9728.202999999990,
4.214246512500700,0.07396265342555330,5.126061446023670,0.073,4.276,9734.921000000000,
4.21424001971241,0.07232850624846560,5.034432204465710,0.073,4.276,9741.625,
4.214189992323690,0.07060769717732560,4.97632431963344,0.073,4.276,9748.327999999990,
4.214341000324480,0.07103293965121190,4.906960511742910,0.073,4.276,9755.031000000000,
4.214417584119750,0.07298605531996700,4.839644873456590,0.0725,4.276,9761.717999999990,
4.2141881891897100,0.0729658761186357,4.796123166108430,0.0725,4.276,9768.421000000000,
4.214574140334720,0.07129717544635990,4.727789878496480,0.0725,4.276,9775.125,
4.211962625700600,0.05576491289368880,4.680447306596670,0.0556,4.263,9781.827999999990,
4.21154734681134,0.05233386246862150,4.606738612866440,0.0561,4.263,9788.546000000000,
4.211609219528980,0.05650379036906270,4.563701484785770,0.0566,4.263,9795.265,
4.2116943475832800,0.05641362944409050,4.512641821051580,0.0566,4.263,9802.0,
4.211511473702660,0.05531730931981870,4.452032829007150,0.0566,4.263,9808.717999999990,
4.211567070226680,0.05841695047643550,4.368357564381650,0.0566,4.263,9815.452999999990,
4.211620173845650,0.05666960634549820,4.332576354433250,0.0566,4.263,9822.156000000000,
4.21157245837936,0.05495562534933530,4.2754530407495800,0.0566,4.263,9828.89,
4.211619383919230,0.05611852485658030,4.233206322338680,0.0566,4.263,9835.592999999990,
4.211711212908600,0.05483875208893830,4.161258444205250,0.0566,4.263,9842.296000000000,
4.21157787362487,0.05699348339483210,4.172871759147770,0.0566,4.263,9849.0,
4.21158213882198,0.05508875736728420,4.246808607460740,0.0566,4.263,9855.702999999990,
4.211593705605010,0.05493615113511030,4.346595689503250,0.0566,4.263,9862.406000000000,
4.21171281352698,0.054552790748261700,4.394726627314590,0.0566,4.263,9869.109000000000,
4.211671798222670,0.05637970803103220,4.440479846083270,0.0566,4.263,9875.796000000000,
4.211712787984890,0.05474492742147060,4.4720484209649300,0.0566,4.263,9882.5,
4.21149681187918,0.05742111346211780,4.501741273472500,0.0566,4.263,9889.202999999990,
4.211556113601450,0.05506324764687900,4.518790524738410,0.0566,4.263,9895.906000000000,
4.2115488031445900,0.05460360603760110,4.574054973728490,0.0566,4.263,9902.609000000000,
4.2116798161042900,0.055478691683991300,4.591701554362240,0.0561,4.263,9909.312000000010,
4.211546260214070,0.05557837859224900,4.632925516750210,0.0566,4.263,9916.015,
4.211746933125960,0.057021260352509000,4.664169807123200,0.0566,4.263,9922.717999999990,
4.211558513099530,0.05574577747991660,4.675496499441440,0.0566,4.263,9929.437000000010,
4.21179202903659,0.05650662449518430,4.702143915785840,0.0566,4.263,9936.125,
4.211660007490630,0.0559305693222225,4.693507322474010,0.0566,4.263,9942.827999999990,
4.211801743867810,0.055570582231348200,4.70099700672837,0.0566,4.263,9949.531000000000,
4.211749550906940,0.055405686172430400,4.699613584291220,0.0566,4.263,9956.217999999990,
4.211772242273380,0.05536359542571690,4.734059257812600,0.0561,4.263,9962.937000000010,
4.2117534760528,0.05613331156128470,4.738196222072230,0.0566,4.263,9969.64,
4.211783850336250,0.05482642032371040,4.762091093264020,0.0561,4.263,9976.327999999990,
4.21172284720743,0.05450032114180220,4.768535666072930,0.0561,4.263,9983.031000000000,
4.2117049342850200,0.055601150482058200,4.782935810513390,0.0566,4.263,9989.717999999990,
4.211655074052450,0.05547936533074630,4.798183534118040,0.0566,4.263,9996.437000000010,
4.211689482589180,0.05606624206414740,4.801018876622640,0.0561,4.263,10003.14,
4.211723019525180,0.05640197688150390,4.814054958656020,0.0561,4.263,10009.859000000000,
4.21174529536831,0.05362930105084590,4.824536003312670,0.0561,4.263,10016.578000000000,
4.211772490258970,0.05673758300039160,4.826870537504180,0.0566,4.263,10023.328000000000,
4.212016028291610,0.05469554321695490,4.839368171589850,0.0561,4.263,10030.046000000000,
4.211775590122880,0.05468878555621560,4.866965338234440,0.0561,4.263,10036.765,
4.211847230151450,0.055334558135737000,4.867974256057130,0.0561,4.263,10043.484000000000,
4.21198505493581,0.05537351480583000,4.8599709842766300,0.0561,4.263,10050.203000000000,
4.21204380623059,0.053733867043278500,4.885960690535920,0.0561,4.263,10056.937000000000,
4.211915478673530,0.05504928339124790,4.8890853069444500,0.0561,4.263,10063.656000000000,
4.211795640771130,0.05506991900475800,4.899980488317200,0.0561,4.263,10070.375,
4.211772131498990,0.05511450780871840,4.89746141067402,0.0561,4.263,10077.093000000000,
4.211953273738040,0.05579202572342130,4.904229075513360,0.0561,4.263,10083.812000000000,
4.212006590780820,0.05426638175683020,4.916237237017320,0.0561,4.263,10090.562000000000,
4.211917913637260,0.0550876551210058,4.935757217229320,0.0561,4.263,10097.281000000000,
4.211922891411620,0.055440473740593900,4.944284347928960,0.0561,4.263,10103.984000000000,
4.211815682060660,0.055728563304042400,4.966083851436090,0.0561,4.263,10110.703000000000,
4.212071162848960,0.054924108712768400,4.978338839935480,0.0561,4.263,10117.437000000000,
4.212136433695240,0.05553662286843320,4.9843151514133900,0.0561,4.263,10124.156000000000,
4.212039147417620,0.05483521862280140,4.993985732092360,0.0561,4.263,10130.859000000000,
4.212165195951500,0.054548159111718500,4.9957039074619500,0.0561,4.263,10137.578000000000,
4.212106040408310,0.05599924784728520,5.01117268106379,0.0556,4.263,10144.296000000000,
4.21191305404569,0.053560082920921100,5.009905016263830,0.0561,4.263,10151.031000000000,
4.212120829639690,0.05496242585319670,5.023468187668030,0.0556,4.263,10157.75,
4.212141400828180,0.054557823103700900,5.038759083363910,0.0561,4.263,10164.453000000000,
4.211971666676200,0.05544335790061040,5.050309232265170,0.0561,4.263,10171.156000000000,
4.212087458446500,0.054279489389103100,5.068578412016890,0.0556,4.263,10177.875,
4.212129063152680,0.05427443667270100,5.085534325441970,0.0556,4.263,10184.609000000000,
4.21194106150556,0.05458567502417710,5.0825017830858900,0.0561,4.263,10191.343000000000,
4.212120863194010,0.05449934325358310,5.091527698119570,0.0556,4.263,10198.046000000000,
4.212040743982730,0.05446056842402780,5.103426150399950,0.0561,4.263,10204.75,
4.212255309245970,0.056128147183803200,5.114400376434590,0.0556,4.263,10211.453000000000,
4.2121411081384400,0.05481805835103640,5.131457227922220,0.0556,4.263,10218.156000000000,
4.212226655698480,0.05457908430846910,5.160654796175460,0.0556,4.263,10224.859000000000,
4.21216496361766,0.055070513862745600,5.170695484141230,0.0556,4.263,10231.562000000000,
4.212343711697230,0.0551134310143986,5.170101194273050,0.0556,4.263,10238.265,
4.212412066251110,0.05507616095165300,5.192584459971120,0.0556,4.263,10244.953000000000,
4.212392578083110,0.05554853828243960,5.195908447074340,0.0556,4.263,10251.671000000000,
4.212419242697100,0.05445414427679480,5.20413011204808,0.0556,4.263,10258.39,
4.212275759845240,0.054723260599654700,5.222204390330470,0.0556,4.263,10265.109000000000,
4.212507960093140,0.05790820872930770,5.228619561673000,0.0556,4.263,10271.812000000000,
4.212299150430870,0.05428151483501930,5.231005579071620,0.055,4.263,10278.562000000000,
4.212333581103490,0.05523506220658740,5.261928113086980,0.055,4.263,10285.281000000000,
4.212270738741730,0.056142568775609,5.2869712139923600,0.0556,4.263,10292.0,
4.212297664280780,0.05393302293311410,5.294221237832570,0.0556,4.263,10298.718000000000,
4.212407000993360,0.05444383540040910,5.315914463572490,0.0556,4.263,10305.437000000000,
4.212294654429900,0.05416780980883920,5.3231898359754500,0.0556,4.263,10312.171000000000,
4.212531369703390,0.058287509019051500,5.3366831638368200,0.055,4.263,10318.89,
4.212467211339920,0.0568128622493814,5.341026790764090,0.0556,4.263,10325.609000000000,
4.212379298514910,0.055611821172751800,5.347310493276530,0.0556,4.263,10332.328000000000,
4.212304277522710,0.05399433299460230,5.350152173486800,0.0556,4.263,10339.046000000000,
4.212336372047350,0.05473531804962610,5.367761951442020,0.055,4.263,10345.796000000000,
4.2125252461489700,0.054515302011728700,5.385101155528190,0.055,4.263,10352.546000000000,
4.212395665963170,0.054752182528357300,5.388999518569750,0.055,4.263,10359.25,
4.212616432498,0.057487910089553800,5.4098995563701600,0.0556,4.263,10365.953000000000,
4.212466125316820,0.05474175768848760,5.421695796182150,0.055,4.263,10372.671000000000,
4.212546446255680,0.055181910676130400,5.423605817001680,0.055,4.263,10379.375,
4.212387463877950,0.05413595964148970,5.416504421708650,0.055,4.263,10386.078000000000,
4.2124292836863600,0.05536050831949380,5.424802094421720,0.055,4.263,10392.781000000000,
4.212518772038840,0.05581568910410970,5.441987431871380,0.055,4.263,10399.484000000000,
4.212507781552930,0.05470756974206180,5.475320979231390,0.055,4.263,10406.187000000000,
4.212517518961180,0.05620186582383440,5.4774876385880300,0.055,4.263,10412.906000000000,
4.2125980504502800,0.05516894459599340,5.489373126714920,0.055,4.263,10419.625,
4.2125932143396900,0.05422752707521340,5.4943292196726600,0.055,4.263,10426.328000000000,
4.212507702412180,0.05561757518236210,5.518942463695910,0.055,4.263,10433.046000000000,
4.212576080430900,0.05543831601107590,5.53265623392569,0.055,4.263,10439.796000000000,
4.212682823243430,0.05491290327883840,5.55780976253084,0.055,4.263,10446.515,
4.2125838403162400,0.054258976387049200,5.547428103286140,0.055,4.263,10453.234000000000,
4.212496496574690,0.055052820584290000,5.548412676701150,0.055,4.263,10459.937000000000,
4.21262632783387,0.05433831468266790,5.551207916023570,0.055,4.263,10466.671000000000,
4.212527790421650,0.05392902868348910,5.584648798712720,0.055,4.263,10473.406000000000,
4.212707738621790,0.054610280121506400,5.585657738011390,0.055,4.263,10480.125,
4.212732200674970,0.0555505054155162,5.5824948149973800,0.055,4.263,10486.828000000000,
4.212738390550070,0.05403631523788750,5.5994922434928100,0.055,4.263,10493.546000000000,
4.212786970769750,0.05509000538523820,5.601068687023330,0.055,4.263,10500.296000000000,
4.212615223768880,0.05408693241458690,5.620441541832130,0.055,4.263,10507.015,
4.212813690330630,0.05418950230548720,5.642117045637510,0.0545,4.263,10513.734000000000,
4.2130066024066500,0.05559039064313090,5.634700994690530,0.0545,4.263,10520.453000000000,
4.212704729619710,0.055496549429317100,5.660884008663830,0.0545,4.263,10527.187000000000,
4.212723596571040,0.05400414394921290,5.656669731033350,0.055,4.263,10533.921000000000,
4.212776393577520,0.05692933569755480,5.659318096697180,0.0545,4.263,10540.656000000000,
4.212555089724450,0.054736178936511700,5.655876128627250,0.0545,4.263,10547.359000000000,
4.2128514759212300,0.053333050801055500,5.681599719470070,0.0545,4.263,10554.062000000000,
4.2128654656455700,0.05524238804230830,5.694422977255720,0.0545,4.263,10560.765,
4.212820847352000,0.0536074698284601,5.689107621528790,0.0545,4.263,10567.468000000000,
4.212806838814920,0.053877383496180100,5.696366728404060,0.0545,4.263,10574.171000000000,
4.212659215900720,0.05703727534326220,5.715490957344350,0.055,4.263,10580.875,
4.212989449682350,0.054876927764567800,5.731555555525660,0.0545,4.263,10587.562000000000,
4.212937746008260,0.0525760694642229,5.7582835489508900,0.0545,4.263,10594.265,
4.212782807240140,0.05389416970107370,5.747428095148530,0.0545,4.263,10600.968000000000,
4.2130033351171200,0.055445446867092600,5.764132010311540,0.0545,4.263,10607.671000000000,
4.213139792629690,0.056980471926449500,5.774759120863360,0.0545,4.263,10614.375,
4.213092124830010,0.053317392282897300,5.792357426876920,0.0545,4.263,10621.062000000000,
4.212907701121810,0.05294500178566530,5.79422467681602,0.0545,4.263,10627.796000000000,
4.21289714482532,0.05270549342140620,5.786092162636410,0.0539,4.263,10634.515,
4.213004454750530,0.05473665928155990,5.803174935311360,0.0545,4.263,10641.218000000000,
4.2128677711578300,0.05323350105061250,5.804623150368270,0.0545,4.263,10647.921000000000,
4.213096177065500,0.05437531366293780,5.834401297772990,0.0539,4.263,10654.625,
4.2128993905280600,0.05189618883231010,5.82203953837908,0.0539,4.263,10661.328000000000,
4.2132900395457100,0.053714038322285900,5.84962320106061,0.0539,4.263,10668.031000000000,
4.212873258252570,0.05243345445804950,5.868765114621910,0.0539,4.263,10674.718000000000,
4.213212971416300,0.05487761930646770,5.873162674392510,0.0539,4.263,10681.421000000000,
4.212827443069520,0.055337272665304900,5.889161828514850,0.0539,4.263,10688.125,
4.213190753197650,0.05242621035215870,5.8894145945220800,0.0545,4.263,10694.843000000000,
4.213086369982900,0.05292108070195270,5.894934442262860,0.0539,4.263,10701.531000000000,
4.213176062897160,0.054914006684138000,5.924404960422320,0.0539,4.263,10708.234000000000,
4.212846778349250,0.05685222922148280,5.934440762722430,0.0539,4.263,10714.953000000000,
4.213287689565260,0.054857966272110600,5.945905414885210,0.0539,4.263,10721.656000000000,
4.213077861468950,0.0522967029023775,5.956150420582310,0.0539,4.263,10728.359000000000,
4.213145774902040,0.05283770599831420,5.960278753674290,0.0539,4.263,10735.046000000000,
4.213263831752990,0.05309185565438030,5.979296237994560,0.0539,4.263,10741.75,
4.213008395438300,0.05302775023720040,5.976949373505920,0.0539,4.263,10748.453000000000,
4.213300350328080,0.056388684335467300,5.98124841160653,0.0539,4.263,10755.156000000000,
4.213111507515640,0.05413047243031510,5.992669373246880,0.0539,4.263,10761.875,
4.213258183431110,0.05349136021305680,5.997974634896000,0.0539,4.263,10768.578000000000,
4.2133612975466200,0.05230268915501830,5.992545296847610,0.0539,4.263,10775.265,
4.213144872997030,0.05393235662320590,6.003212105201230,0.0534,4.263,10781.968000000000,
4.213328109096360,0.05480304292035620,6.021727942391740,0.0539,4.263,10788.687000000000,
4.213529827441600,0.0537833044206848,6.020959680755150,0.0539,4.263,10795.39,
4.213449372336020,0.0537357258588279,6.026994046971750,0.0539,4.263,10802.078000000000,
3.486189216310420,0.0014165909486330600,5.99014233448439,-0.0006,0.002,0.0,
3.746592135437910,1.4890569689379100,5.9925280590812600,1.4995,4.618,2.594000000000000,
3.7754376470108900,1.4904257656260700,5.991340242003630,1.4995,4.669,8.922000000000000,
3.7948436066581600,1.491527146696220,6.003554458008490,1.4995,4.694,15.234000000000000,
3.811691165065910,1.4914253370757200,6.026728624897190,1.4995,4.707,21.516000000000000,
3.826772557265430,1.4926173566920200,6.03867248581197,1.4995,4.719,27.797000000000000,
3.840721815825640,1.4924865663540900,6.0480079127430800,1.4995,4.732,34.125,
3.8541950377956200,1.492478048787210,6.047619227446100,1.4995,4.745,40.438,
3.866966071469440,1.49100478096467,6.056981683825000,1.4995,4.757,46.719,
3.8784961257817600,1.490559341418840,6.058078071543090,1.4995,4.77,53.0,
3.8896242404746100,1.4893562488189000,6.065722606822130,1.4995,4.783,59.266000000000000,
3.900672297262910,1.4916962879066100,6.073167739947170,1.4995,4.796,65.547,
3.9109936669939400,1.491437284121400,6.092384323850220,1.4995,4.796,71.828,
3.9204910060130900,1.4897114107924500,6.111105341010750,1.4995,4.808,78.078,
3.9298040199251200,1.4926724463810500,6.122417677213570,1.4995,4.821,84.375,
3.938368188118080,1.4897043993015600,6.137558492264290,1.4995,4.834,90.60900000000000,
3.946541796005000,1.4910355772397300,6.14138401521438,1.4995,4.834,96.85900000000000,
3.9539107152514500,1.4896584499649500,6.166515271216450,1.4995,4.846,103.10900000000000,
3.9611459588767300,1.4917153879253700,6.192166180925710,1.4995,4.859,109.35900000000000,
3.9675020356906700,1.491474858585370,6.201889988503180,1.4995,4.859,115.60900000000000,
3.973777613923780,1.4906540145494500,6.238739774555820,1.4995,4.872,121.844,
3.979264789751040,1.4909480722759300,6.253421042155970,1.4995,4.872,128.078,
3.984455695377650,1.4925086597797000,6.259260633910520,1.4995,4.872,134.328,
3.9890820253143500,1.4908910418869600,6.2844957232092700,1.4995,4.884,140.563,
3.993331360506620,1.4915930822985000,6.315890693441860,1.4995,4.884,146.813,
3.9971878671977500,1.4922169040974900,6.336323565370710,1.4995,4.884,153.063,
4.000424327053800,1.491094526162050,6.354674832506570,1.4995,4.897,159.344,
4.003799400294710,1.4922798206396500,6.374075768427730,1.4995,4.897,166.0,
4.006755116569680,1.4912161999780200,6.409402934961420,1.4995,4.897,172.406,
4.009486655066320,1.4903529871536300,6.441685388804720,1.4995,4.897,178.781,
4.011769951109400,1.4915745019303000,6.455485092020480,1.4995,4.91,185.14100000000000,
4.014139944048370,1.491584398540430,6.482501951185900,1.4995,4.91,191.547,
4.016134832478770,1.4916148598507700,6.500629965477050,1.4995,4.91,197.953,
4.018021190053990,1.4928108295543100,6.525860034417730,1.4995,4.91,204.328,
4.019903390356870,1.4914021718058100,6.560213436337050,1.4995,4.91,210.734,
4.021677956241270,1.490671880801470,6.571319219597460,1.4995,4.91,217.141,
4.023511256984590,1.4925836651857100,6.595935956563690,1.4995,4.91,223.5,
4.025041964577230,1.4929523315672300,6.622888858689870,1.4995,4.91,229.922,
4.026786418065370,1.4943144350434700,6.641400690424950,1.4995,4.91,236.313,
4.02801358143727,1.4906648493738700,6.654942694603140,1.4995,4.91,242.688,
4.029821284050290,1.492881709433650,6.638789694585110,1.4995,4.91,249.094,
4.031201162074060,1.4920259631852700,6.5360649072300700,1.4995,4.922,255.5,
4.032682838062910,1.4919442656177100,6.428157211382980,1.4995,4.922,261.859,
4.034280712069430,1.4911674336596100,6.327682260040420,1.4995,4.922,268.281,
4.035981492736930,1.491309141658670,6.208359498975300,1.4995,4.922,274.656,
4.037583141224640,1.492703828930190,6.150739086430530,1.4995,4.922,280.984,
4.039208982409130,1.4906307377956900,6.1108513408778400,1.4995,4.922,287.406,
4.041145604152470,1.4903223416953100,6.046707951318760,1.4995,4.922,293.797,
4.042808815165830,1.4922950293668000,5.9940507538560800,1.4995,4.922,300.313,
4.0445283650099600,1.4914363664364900,5.923990968570320,1.4995,4.922,306.656,
4.046156750221320,1.490866184210430,5.916649095554150,1.4995,4.935,313.016,
4.0480377968946800,1.4914031210886800,5.887980576004400,1.4995,4.935,319.391,
4.04979800226957,1.4907842290111600,5.8356790797370800,1.4995,4.935,325.797,
4.051767569185180,1.4909927306552000,5.791445273062090,1.4995,4.935,332.141,
4.053527157614810,1.4926078420464400,5.739167896834690,1.4995,4.935,338.484,
4.05511264645939,1.4912866497092900,5.717169269156410,1.4995,4.935,344.844,
4.0572098273185700,1.4925204868216200,5.6667611520835700,1.4995,4.948,351.188,
4.059071131795140,1.4912599684910200,5.636714015056380,1.4995,4.935,357.563,
4.060785846769480,1.4914253674996800,5.6000547438292000,1.4995,4.948,363.875,
4.062693045489930,1.4907056744118100,5.569979011390560,1.4995,4.948,370.281,
4.064464847631420,1.4900011045923800,5.529579728435220,1.4995,4.948,376.719,
4.066414345924290,1.4903942977942300,5.510572752616820,1.4995,4.948,383.031,
4.068048231203550,1.491711584456930,5.4292958181480600,1.4995,4.948,389.406,
4.070135087035090,1.4912708660711400,5.416311577098890,1.4995,4.948,395.797,
4.071646109249630,1.4909983969144600,5.392622433968860,1.4995,4.96,402.141,
4.0735733674889100,1.490523835739080,5.34110317025168,1.4995,4.96,408.547,
4.075498709551130,1.4914232178793000,5.343666575004450,1.4995,4.96,414.938,
4.077333078842810,1.4916561962060000,5.30964858534112,1.4995,4.96,421.281,
4.079189321940030,1.4922414590423200,5.270720130714820,1.4995,4.96,427.656,
4.080928006398240,1.4906714646203100,5.332285445048150,1.4995,4.96,434.047,
4.082576244666470,1.4908744419120800,5.441103171085560,1.4995,4.96,440.391,
4.084291796101890,1.4901601053328800,5.53741296529629,1.4995,4.96,446.766,
4.085775538754230,1.4925482349529500,5.622853318041260,1.4995,4.973,453.156,
4.087270670470980,1.4905463618116200,5.6553563053910300,1.4995,4.973,459.5,
4.088869398363130,1.4924906467599400,5.705603450719730,1.4995,4.973,465.875,
4.090029831385670,1.492002357255320,5.737605494519670,1.4995,4.973,472.266,
4.091518319857270,1.4919469367025700,5.786691477671420,1.4995,4.973,478.578,
4.092635882764130,1.4925161054005200,5.841514488545850,1.4995,4.973,484.969,
4.093988815087620,1.4923252957064500,5.888441831723100,1.4995,4.973,491.344,
4.095415283393900,1.4940743027092800,5.914291109255540,1.4995,4.973,497.703,
4.096472125903690,1.491324230646020,5.934831000036710,1.4995,4.973,504.109,
4.097675716545360,1.4916850089568500,5.969362256326310,1.4995,4.973,510.516,
4.098857172602290,1.4922464141323800,6.010801148413170,1.4995,4.986,516.828,
4.0996880593630900,1.4928118100334100,6.042102100639420,1.4995,4.986,523.203,
4.100919743506620,1.492030341620050,6.04524568706571,1.4995,4.986,529.594,
4.101951892766340,1.4920472197658900,6.06187713314377,1.4995,4.986,535.891,
4.102987364747760,1.4922838978293800,6.101857530745420,1.4995,4.986,542.203,
4.103883604637970,1.492146093529520,6.137254122026660,1.4995,4.986,548.516,
4.104840308510170,1.490648067866630,6.163789595421810,1.4995,4.986,554.891,
4.105670620661010,1.4934636001016700,6.1991112245300000,1.4995,4.986,561.266,
4.106581534868610,1.4922211814883800,6.206383381174560,1.4995,4.986,567.609,
4.10753093195291,1.4919703547248600,6.209024019338900,1.4995,4.986,573.922,
4.108296964886880,1.4901611840311900,6.230997054188290,1.4995,4.986,580.297,
4.109314535480590,1.4924096170585600,6.266802065206870,1.4995,4.986,586.688,
4.110238951324970,1.4926409424374600,6.290070459158100,1.4995,4.986,593.0,
4.111097393571150,1.4922307940852900,6.314012501913240,1.4995,4.986,599.313,
4.1119032429610200,1.49160353373279,6.321441190687970,1.4995,4.986,605.688,
4.11261292298787,1.4919833189447700,6.353952226778010,1.4995,4.986,612.047,
4.113500491958920,1.4930612706568600,6.378453170490180,1.4995,4.986,618.375,
4.113970510428330,1.4921129166624200,6.393795629126900,1.4995,4.986,624.75,
4.114911620958400,1.4912969927668800,6.401647858242450,1.4995,4.986,631.125,
4.1157492198484100,1.490678127876230,6.435955203873010,1.4995,4.998,637.469,
4.11627293525911,1.491860305653590,6.467365923502500,1.4995,4.998,643.781,
4.117120638643180,1.4924957639467300,6.498978928504230,1.4995,4.998,650.141,
4.117804387696190,1.4903185288440200,6.532280944822640,1.4995,4.998,656.531,
4.118512455449840,1.491096738041390,6.553421374284100,1.4995,4.998,662.844,
4.1192106215000500,1.4899177094453900,6.5611459223889800,1.4995,4.998,669.172,
4.119574503897200,1.4909885449326800,6.591515626514670,1.4995,4.998,675.516,
4.120358004508360,1.491474504456110,6.5972279303997500,1.4995,4.998,681.891,
4.121079822351340,1.4923882937031800,6.612373707630470,1.4995,4.998,688.219,
4.121639627507360,1.492132321571770,6.643102961581830,1.4995,4.998,694.531,
4.122604165655790,1.4919553623544400,6.664462928290240,1.4995,4.998,700.906,
4.1230615918958700,1.4912498714521900,6.694657538691250,1.4995,4.998,707.281,
4.123664335360780,1.4914701507298400,6.721052676702060,1.4995,4.998,713.609,
4.124562648752160,1.4911545038943600,6.745448605186120,1.4995,4.998,719.938,
4.124835533671110,1.4922411026880400,6.7668478432592100,1.4995,4.998,726.313,
4.125570599898050,1.4918152536414000,6.781616740546490,1.4995,4.998,732.703,
4.126266394457710,1.4922695793094900,6.812978270883230,1.4995,4.998,739.016,
4.12681530311579,1.4915085600819500,6.838164215339910,1.4995,4.998,745.391,
4.127606675946880,1.4902804811263700,6.859242287375300,1.4995,4.998,751.75,
4.127993915675780,1.4907054561457000,6.881135109010710,1.4984,4.998,758.094,
4.128359618225160,1.4888592528434700,6.8916181178748500,1.4978,4.998,764.438,
4.12874847614843,1.4890925283589600,6.901134861765590,1.4967,4.998,770.75,
4.1293110874631500,1.4882723986836000,6.93394616448234,1.4957,4.998,777.156,
4.129735765154830,1.4872117019696900,6.959924650522980,1.4946,4.998,783.547,
4.130291876530320,1.4866603331132000,6.998582337993620,1.494,4.998,789.859,
4.130613398164350,1.4851124593952000,7.026466640704520,1.4935,4.998,796.219,
4.131126340913410,1.4840924771361500,7.03886109524487,1.4929,4.998,802.609,
4.131547775175750,1.4846699229344300,7.0536624051527800,1.4924,4.998,808.922,
4.131895304609000,1.4836730473133800,7.081253495100660,1.4918,4.998,815.234,
4.132391631042260,1.4834916656414200,7.089533135011870,1.4913,4.998,821.609,
4.133004818942100,1.4833307676208000,7.1039690028244200,1.4907,4.998,828.0,
4.133330470856490,1.4836045366010200,7.128549912106800,1.4902,4.998,834.313,
4.133611221524610,1.481139683707560,7.156760524183890,1.4897,4.998,840.625,
4.134221760057550,1.480986623132930,7.185144469242280,1.4891,4.998,847.0,
4.134637995780320,1.4794585220700600,7.212910422129820,1.4886,4.998,853.406,
4.1351090103350300,1.4797867532689400,7.240870914193880,1.488,4.998,859.719,
4.135615690073380,1.4803478372666700,7.263699512118760,1.4875,5.011,866.031,
4.135871445365150,1.478666230783250,7.273561443586960,1.4864,4.998,872.422,
4.136495240658560,1.4774075543057700,7.2996811707061400,1.4858,4.998,878.813,
4.13687182748876,1.4784642285902200,7.3195472367550200,1.4853,4.998,885.125,
4.1372923109180000,1.4776453018048800,7.343053046558640,1.4853,4.998,891.438,
4.137751448830290,1.4753327367981800,7.373992221136430,1.4848,4.998,897.844,
4.138297230107140,1.4760148259476500,7.403968965139580,1.4842,4.998,904.234,
4.138613075564360,1.4764324067329400,7.39319248129013,1.4842,4.998,910.547,
4.13895628399319,1.478228550247630,7.402336242819730,1.4831,4.998,916.922,
4.139891212782010,1.4767718644743200,7.452358645550090,1.4831,4.998,923.313,
4.140050172471610,1.4755636294086900,7.488269354018840,1.4826,4.998,929.625,
4.1405925118056300,1.4733303521841600,7.478826508960990,1.482,4.998,935.969,
4.141064902289270,1.474595768926290,7.518111621546910,1.4809,4.998,942.344,
4.141228536829690,1.471594836896940,7.531112882726880,1.4804,4.998,948.734,
4.142019404412920,1.4725176850320000,7.536597471265660,1.4793,4.998,955.047,
4.142406365000670,1.4710406708716800,7.549421208790160,1.4793,4.998,961.422,
4.142707689963460,1.4688620062027500,7.562106760082780,1.4782,4.998,967.797,
4.142990177532270,1.470109219688120,7.580705545221510,1.4777,4.998,974.109,
4.143496536375500,1.4692186014813000,7.599536920388150,1.4766,4.998,980.453,
4.143967593143700,1.4691183070018600,7.617553925213410,1.476,4.998,986.828,
4.14433219495336,1.4671281474570200,7.654790822963310,1.4749,4.998,993.219,
4.144877926810490,1.4659064871824900,7.648640432600010,1.4744,4.998,999.531,
4.145256905124340,1.4656128423263200,7.637014661570580,1.4738,4.998,1005.844,
4.145648693505490,1.4647701247704400,7.696942040588040,1.4733,4.998,1012.156,
4.146142027713960,1.4649987584751500,7.717329589886070,1.4722,4.998,1018.531,
4.146604531186010,1.4629917310330400,7.7511524023201400,1.4711,4.998,1024.922,
4.146931808731580,1.4636169335398200,7.7575287371601500,1.4706,4.998,1031.266,
4.147413818836390,1.4622424661315000,7.765998469514470,1.47,4.998,1037.625,
4.147921806441870,1.4612692121235300,7.783961963172430,1.4695,4.998,1044.016,
4.148282092427150,1.4626383068512700,7.789710466158630,1.4684,4.998,1050.313,
4.148627120004810,1.4606621988386700,7.802488305248030,1.4679,4.998,1056.625,
4.14914471659792,1.4600863866477800,7.831671198563100,1.4668,4.998,1062.953,
4.14950856646058,1.4581199034143000,7.836249885858430,1.4668,4.998,1069.344,
4.149955742114630,1.4574765709018800,7.856784412421300,1.4662,4.998,1075.734,
4.150549944305160,1.4558904801138500,7.855400702619220,1.4651,4.998,1082.047,
4.150684537309440,1.4546909813431600,7.885082351946210,1.4646,4.998,1088.422,
4.151274016228180,1.4548575449035800,7.888701326576690,1.464,4.998,1094.797,
4.151682925939040,1.4567779986575000,7.896688444860900,1.4635,4.998,1101.109,
4.152022667860560,1.4514070073729200,7.9168156141565200,1.4624,4.998,1107.422,
4.152652262434680,1.4548878344609100,7.940142165645600,1.4619,4.998,1113.797,
4.153016234645370,1.4511432186799000,7.967908917060620,1.4608,4.998,1120.141,
4.153648690235290,1.451305954710060,7.977412819894270,1.4602,4.998,1126.516,
4.153845605135730,1.453529748640600,7.987442907401730,1.4597,4.998,1132.891,
4.15443517407508,1.4501569205081300,8.014803217616060,1.4591,4.998,1139.266,
4.154818954639240,1.4486826619788000,8.042927252881560,1.4586,4.998,1145.672,
4.1554823966329700,1.4514607382894500,8.05806118967974,1.4575,4.998,1152.047,
4.155866390981890,1.4493011333817100,8.083008051442950,1.457,4.998,1158.406,
4.156354127503850,1.4489962785137700,8.095053939386380,1.4564,4.998,1164.797,
4.15659511073755,1.447377759877260,8.074186800774830,1.4559,4.998,1171.156,
4.1571237645273900,1.448291406063080,8.127122825455140,1.4553,4.998,1177.469,
4.157587950612330,1.4443281511964000,8.147627591335870,1.4542,4.998,1183.844,
4.158097435787500,1.4463003337623000,8.16921585776173,1.4542,4.998,1190.172,
4.158689269091780,1.4448171746381800,8.1762010473114,1.4526,4.998,1196.5,
4.158933741542700,1.4440358688665000,8.196125385088320,1.452,4.998,1202.875,
4.159431267046540,1.4427072877987300,8.226644769124000,1.4515,4.998,1209.266,
4.1598904215393400,1.4431213280672600,8.22405822556794,1.451,4.998,1215.641,
4.16026727255797,1.4415547003512900,8.211507261186580,1.4504,4.998,1222.063,
4.160658162365910,1.4427872990572000,8.24452611120698,1.4493,4.998,1228.438,
4.161304099650660,1.439739239413210,8.253704684806250,1.4482,4.998,1234.813,
4.161653297871960,1.4403795419696300,8.281370991295890,1.4477,4.998,1241.219,
4.162251870082240,1.4415979475055000,8.301103022105640,1.4477,4.998,1247.594,
4.162748423735880,1.4385192630997500,8.30809425891732,1.4461,4.998,1253.969,
4.163022948242850,1.436544168606630,8.330638390240310,1.445,4.998,1260.344,
4.163451922388150,1.4370179957157100,8.337117638589970,1.445,4.998,1266.703,
4.163913921023300,1.4357478766171200,8.336598893905080,1.4439,4.998,1273.109,
4.16436435075085,1.4365437263044900,8.359191713291830,1.4433,4.998,1279.516,
4.164933321589670,1.4339186974002700,8.390396219158280,1.4422,4.998,1285.891,
4.165246068550270,1.4343985763059900,8.403743316017290,1.4417,4.998,1292.25,
4.1657289091419200,1.4336070435109800,8.40979276505636,1.4401,4.998,1298.984,
4.166100861124040,1.431687895010720,8.414971568468200,1.4401,4.998,1305.453,
4.166511910480600,1.43168608986667,8.440895171335110,1.4384,4.998,1311.922,
4.167074548747130,1.4312044910847400,8.452194585630010,1.4379,4.998,1318.406,
4.167560687511730,1.429507110037860,8.44865761977166,1.4373,4.998,1324.828,
4.167972448957020,1.430621772067490,8.476161621548170,1.4368,4.998,1331.234,
4.168650549746900,1.4295965464229000,8.514614566187650,1.4362,4.998,1337.656,
4.168820397598080,1.4276151232684900,8.521178021285290,1.4351,4.998,1344.094,
4.169303771170260,1.4270060501576800,8.544577243239020,1.4346,5.011,1350.531,
4.169829872544430,1.4286017252418400,8.528610071435920,1.4341,4.998,1356.953,
4.170155018699940,1.4261965985550700,8.544131092574570,1.433,4.998,1363.391,
4.170639380191090,1.4242634443785400,8.565120576391030,1.4324,4.998,1369.813,
4.171207685613080,1.424391836249300,8.584490501714010,1.4313,4.998,1376.219,
4.171658770046180,1.4230677576622900,8.606150371133530,1.4308,4.998,1382.641,
4.172064352102190,1.42247702129376,8.61755560774262,1.4297,4.998,1389.063,
4.172510036824180,1.4229070356418300,8.625884009772600,1.4292,4.998,1395.5,
4.1730504067766100,1.4219110825611900,8.626216652568600,1.4286,4.998,1401.922,
4.173497828003560,1.4193866948864600,8.644437595532270,1.4275,4.998,1408.344,
4.173792901151180,1.4194753888429000,8.670229831733870,1.427,4.998,1414.766,
4.174275543305660,1.4199405225938500,8.67233812814894,1.4264,4.998,1421.172,
4.174649137655980,1.418635049550340,8.659132632829580,1.4253,4.998,1427.625,
4.175323743358690,1.416956736792560,8.679271713498310,1.4242,4.998,1434.5,
4.175623492659190,1.415637902101090,8.674075604418420,1.4237,4.998,1441.078,
4.176195716855810,1.4163934319004400,8.623477788715330,1.4221,4.998,1447.656,
4.176603780516660,1.4153283802743900,8.53973147769925,1.4221,4.998,1454.313,
4.177171325251040,1.4127659048684100,8.432835186257040,1.421,4.998,1460.906,
4.17778092416487,1.4124454111311900,8.297473439408400,1.4199,4.998,1467.484,
4.178317554758420,1.4111773320831700,8.244038829650120,1.4188,4.998,1474.125,
4.179125474134820,1.4133822698577800,8.149814619893980,1.4183,4.998,1480.703,
4.179544201441100,1.409315128863160,8.074684412246790,1.4166,4.998,1487.313,
4.180295309873030,1.4086562151365800,8.026259640887600,1.4155,4.998,1493.953,
4.181079505691730,1.40605229774079,7.935830701899730,1.4144,4.998,1500.531,
4.181786445323980,1.4061492788620800,7.884523852288860,1.4128,4.998,1507.188,
4.182641876933220,1.4030805997584300,7.788488807831490,1.4123,4.998,1513.781,
4.183298146086770,1.4007598186046900,7.79345263631097,1.4106,4.998,1520.391,
4.1839016475555200,1.4011245276003500,7.718176528925040,1.4095,4.998,1527.016,
4.18508238164337,1.4013213546089400,7.675102121790520,1.4079,4.998,1533.625,
4.185891748418160,1.3984608643357200,7.616528378278960,1.4073,4.998,1540.25,
4.186467851565300,1.3968398299855600,7.530477606759810,1.4052,4.998,1546.875,
4.187489393269880,1.3974312781029200,7.4636599211686600,1.4035,4.998,1553.453,
4.188087505605380,1.3946403594081600,7.431873283478260,1.4024,4.998,1560.125,
4.189166152356560,1.3936153945592100,7.357085604184420,1.4008,4.998,1566.703,
4.189905170478670,1.3937785240041300,7.325678730491030,1.3992,4.998,1573.297,
4.190732786583980,1.3909808581146000,7.284711206820580,1.3981,4.998,1579.969,
4.191764157741630,1.3878274862792000,7.276482354005140,1.3964,4.998,1586.531,
4.1925132787475300,1.387085350707710,7.22573059354881,1.3954,4.998,1593.141,
4.193306530341670,1.3873086787653300,7.228982089629590,1.3932,4.998,1599.766,
4.19424217495703,1.3859180309315800,7.162906937688800,1.3915,4.998,1606.359,
4.195117435266120,1.3830393813949400,7.085803841630780,1.3905,4.998,1612.969,
4.195848840545140,1.381411348116630,7.062372077356910,1.3888,4.998,1619.625,
4.196742774862690,1.380891709113830,7.108652134104410,1.3872,4.998,1626.203,
4.197602598085350,1.3798642379447900,7.194175554779450,1.3861,4.998,1632.797,
4.198274591825650,1.3778402731915700,7.289452901857580,1.385,4.998,1639.359,
4.199069726607870,1.3758638181396200,7.345829114371980,1.3834,4.998,1645.938,
4.199560714786880,1.3766112453858700,7.384464875653950,1.3823,4.998,1652.531,
4.200264608182290,1.3736651938334600,7.417131391389380,1.3812,4.998,1659.109,
4.201239673706580,1.3725397922719800,7.441797292339100,1.3801,4.998,1666.109,
4.201830908182560,1.3716484368457900,7.470211054430410,1.379,4.998,1672.875,
4.2024071309236200,1.3720349037852600,7.507204467439530,1.3779,4.998,1679.609,
4.202944915957310,1.3708002182923100,7.506898544340820,1.3768,4.998,1686.344,
4.203541738833850,1.367846310118950,7.53556504395404,1.3757,4.998,1693.078,
4.204302738216730,1.3674951177861700,7.551867636213650,1.3741,4.998,1699.813,
4.204667226639220,1.3660069424533900,7.575212758222160,1.3741,4.998,1706.578,
4.205191564315630,1.3637046121988500,7.597083968751160,1.3725,4.998,1713.328,
4.205788373661040,1.3631389170354700,7.60318145542515,1.3714,4.998,1720.063,
4.206282860767120,1.3628274293227400,7.609115997044470,1.3708,4.998,1726.781,
4.207057755009130,1.360426235996070,7.637383887139910,1.3692,4.998,1733.531,
4.205082354637210,1.3444495595753900,7.679541416304280,1.3512,4.986,1740.297,
4.205276803597700,1.3452746760003500,7.680570097406850,1.3507,4.986,1747.016,
4.205606090959310,1.34198823216415,7.678792379657270,1.3496,4.986,1753.75,
4.206008660979880,1.343338870913170,7.672682444222250,1.3485,4.986,1760.484,
4.2062355865083200,1.342913092161360,7.703737012744490,1.3479,4.986,1767.234,
4.206718242493470,1.3402981873529300,7.727201441839890,1.3474,4.986,1774.0,
4.204816834617310,1.3244463468589100,7.747481210069990,1.3289,4.973,1780.734,
4.204855315833170,1.3225707755764700,7.736827991534500,1.3283,4.973,1787.453,
4.205214905003980,1.3205038702778300,7.746606565687560,1.3283,4.973,1794.188,
4.205214473964520,1.319964905053780,7.755169409663080,1.3272,4.973,1800.922,
4.205696577569100,1.3186675142430200,7.76204624127032,1.3267,4.973,1807.672,
4.20617590086629,1.3206692128184700,7.763713838944230,1.3261,4.973,1814.406,
4.206156060357450,1.3183259628933400,7.786199992359920,1.3256,4.973,1821.141,
4.20676514743774,1.3171911531454600,7.799925611115970,1.3245,4.973,1827.875,
4.204687285431100,1.300925783759480,7.821670436632250,1.3065,4.96,1834.563,
4.204864660271600,1.299926333235040,7.833985549917150,1.306,4.96,1841.266,
4.204902813183510,1.2987587520693100,7.856526728842280,1.3054,4.96,1847.953,
4.2051901509626600,1.297843529991250,7.868031956587640,1.3043,4.96,1854.656,
4.205529430499200,1.2969058730631400,7.87383475986882,1.3032,4.96,1861.359,
4.205623028066240,1.2972614334453300,7.861391198642700,1.3032,4.96,1868.125,
4.206189803251690,1.294965239489800,7.902422662196230,1.3021,4.96,1874.891,
4.206492059436470,1.2957180562337800,7.919387969713210,1.3021,4.96,1881.641,
4.206741360165450,1.2945623661552400,7.9326445995409500,1.3016,4.96,1888.375,
4.204842559760050,1.2751188087056800,7.944299781463550,1.2831,4.96,1895.078,
4.205034373230230,1.2758059430391300,7.94250848087169,1.2831,4.948,1901.766,
4.205080181457520,1.2762634797337700,7.9676476290296700,1.282,4.948,1908.531,
4.205405302928300,1.276855033645250,7.995074189878060,1.282,4.948,1915.297,
4.205721342761010,1.2743827230796800,8.011934908738930,1.2814,4.948,1922.0,
4.20601702913401,1.2733876138060600,8.001809143248880,1.2809,4.948,1928.672,
4.206336781997890,1.2732883618384100,8.027565758810430,1.2803,4.948,1935.359,
4.206658350369730,1.272569956529910,8.032566074691580,1.2798,4.948,1942.109,
4.2070834551198200,1.2712176582594100,8.041675672757190,1.2793,4.948,1948.844,
4.207284276900670,1.2712894449960100,8.04508496839211,1.2787,4.948,1955.578,
4.2078698313912600,1.2711581951352200,8.06295938066194,1.2782,4.948,1962.328,
4.205663600485280,1.2529278149520300,8.06783929158556,1.258,4.935,1969.063,
4.20585152772951,1.2512789654842700,8.078259296317500,1.2585,4.935,1975.813,
4.206102540729320,1.2502562124292600,8.083294128096600,1.258,4.935,1982.594,
4.206345410928990,1.2516100137748300,8.112012405748340,1.2575,4.935,1989.328,
4.20659991379634,1.2494910904917000,8.118068924700930,1.2564,4.935,1996.094,
4.2067938733311800,1.2501042464222200,8.125134904320950,1.2558,4.935,2002.766,
4.207234018500620,1.2489107030696800,8.15588545641558,1.2553,4.935,2009.469,
4.207730733979820,1.249040544591770,8.158216118925150,1.2547,4.935,2016.25,
4.205725328035880,1.2292040212833000,8.175877351143240,1.2362,4.922,2022.984,
4.205636907909410,1.227929329551030,8.184896244056290,1.2351,4.922,2029.734,
4.205696487232920,1.2274481769215000,8.190916146294050,1.2346,4.922,2036.438,
4.2061529585476800,1.2288669599320200,8.19315455005773,1.234,4.922,2043.203,
4.206299719798010,1.2283919209907700,8.2177368683292,1.234,4.922,2049.891,
4.206589902824830,1.2259163563729500,8.223656674068180,1.2329,4.922,2056.656,
4.204788162100030,1.2079415270005700,8.224981932204290,1.2149,4.91,2063.328,
4.2048393258443700,1.208881263812580,8.23664192933704,1.2144,4.91,2070.078,
4.204983476966860,1.2082206393067100,8.265413684465740,1.2138,4.91,2076.813,
4.205314694480800,1.2074590470317400,8.273096182251670,1.2133,4.91,2083.547,
4.205331194833580,1.205013859340760,8.26954224760562,1.2128,4.91,2090.359,
4.2060215045096000,1.2050737733337500,8.274290963964450,1.2128,4.91,2097.031,
4.205898826437270,1.2051710914708600,8.290366632752290,1.2122,4.91,2103.781,
4.206438557653510,1.2048171733068100,8.29222591226935,1.2111,4.91,2110.578,
4.206858376630100,1.2029331331446600,8.31766892398143,1.2106,4.91,2117.344,
4.207083463033560,1.2027119098444000,8.337904681140240,1.21,4.91,2124.047,
4.207479377247490,1.200586365179190,8.30929454606827,1.2089,4.91,2130.844,
4.207896606484030,1.2008129762227600,8.313596934632420,1.2079,4.91,2137.75,
4.205930081084120,1.1837473959376400,8.328151824114450,1.1893,4.897,2144.516,
4.206198749752290,1.181374728685040,8.337567138332830,1.1888,4.897,2151.25,
4.206454874521410,1.1815577679534200,8.336113493751130,1.1882,4.897,2158.078,
4.206691129876050,1.180880809503810,8.348938184727660,1.1871,4.897,2164.828,
4.206904652345370,1.1822784968508700,8.348269955802790,1.1866,4.897,2171.563,
4.2074288528194100,1.1794902125493700,8.370750227113960,1.1855,4.897,2178.281,
4.207753130249850,1.1794344802009400,8.374428641207170,1.185,4.897,2185.0,
4.205558041180010,1.159546514873850,8.38591621056704,1.1648,4.884,2191.719,
4.205765904814010,1.1579694098317800,8.412211324849860,1.1648,4.884,2198.422,
4.205913418083810,1.1585522611005000,8.406959605730520,1.1637,4.884,2205.141,
4.20625868378541,1.1576521031747800,8.409901949069330,1.1632,4.884,2211.984,
4.206431650041390,1.1573480072374000,8.414993301419070,1.1626,4.884,2218.719,
4.206778024373200,1.1569390671163100,8.437202578881720,1.1621,4.884,2225.516,
4.207050689323080,1.1550790991000400,8.446948692418520,1.1615,4.884,2232.297,
4.207321460864190,1.1544826990570200,8.442407604348750,1.1615,4.884,2239.063,
4.207766673633150,1.1551318226105200,8.448308864847460,1.1604,4.884,2245.781,
4.206124299722700,1.1357121147206500,8.472434624118360,1.1414,4.872,2252.484,
4.206148851769910,1.1344897115098100,8.473354496304550,1.1419,4.872,2259.172,
4.206294228945400,1.1334914106269800,8.497944269665300,1.1414,4.872,2265.875,
4.206588135744720,1.134422807099830,8.525163725150560,1.1403,4.872,2272.563,
4.206950089109880,1.135730489128790,8.52358682710285,1.1397,4.872,2279.297,
4.207329700936940,1.1328655504232300,8.502812093179670,1.1392,4.872,2285.984,
4.207662554868110,1.132094895398770,8.50562592641125,1.1386,4.872,2292.719,
4.20808514777666,1.1332385255631700,8.521956372452270,1.1381,4.872,2299.5,
4.208565614387520,1.1314122770237500,8.522733445458860,1.1375,4.872,2306.25,
4.206700293579630,1.1133733428041700,8.516698181749220,1.1185,4.859,2313.016,
4.206817739192150,1.1127890946415100,8.522211435387650,1.1179,4.859,2319.844,
4.207087764698120,1.110437333158740,8.54040110612342,1.1168,4.859,2326.563,
4.207441659607850,1.1116449092953400,8.534629690660070,1.1168,4.859,2333.344,
4.20783852346958,1.1102040194102900,8.55253040205522,1.1163,4.859,2340.078,
4.205958384804950,1.091094784727310,8.56798096644182,1.0977,4.846,2346.891,
4.206037324521950,1.0916035208872300,8.578783594880890,1.0972,4.846,2353.594,
4.206226408263720,1.0893543736701600,8.57631569412712,1.0967,4.846,2360.328,
4.206466685243210,1.0902833232469200,8.586294847140370,1.0956,4.846,2367.016,
4.206968219035720,1.0905428259002100,8.599713890662460,1.0956,4.846,2373.766,
4.207287512130170,1.0891773787328700,8.60404802887056,1.095,4.846,2380.5,
4.207779301409830,1.0889529368403100,8.62626513313822,1.0939,4.846,2387.297,
4.205707966802420,1.068606855964400,8.611566980097580,1.0743,4.834,2393.984,
4.205786545584060,1.068327769350480,8.610718980871900,1.0743,4.834,2400.688,
4.206013433023290,1.0680870402370900,8.66338908537838,1.0732,4.834,2407.484,
4.206349106949330,1.0663037865372900,8.651557501269400,1.0727,4.834,2414.281,
4.2065081445964800,1.0675005565704000,8.648784302019060,1.0721,4.834,2420.984,
4.20696068698281,1.0672057783543500,8.697485182203580,1.0716,4.834,2427.766,
4.207289878214710,1.065957054972920,8.681143110101970,1.071,4.834,2434.5,
4.20776108734144,1.0662413465912600,8.677647553239630,1.0705,4.834,2441.25,
4.208101674644560,1.0633787028164400,8.686047992529750,1.0699,4.834,2447.984,
4.208681271418160,1.0643202840278100,8.689871927810740,1.0689,4.834,2454.719,
4.2067598480039200,1.0458033438430800,8.684865949324110,1.0498,4.821,2461.469,
4.207094470516640,1.0447355868729800,8.706716123817360,1.0498,4.821,2468.203,
4.207316429302640,1.0440585789355500,8.70084529788721,1.0492,4.821,2474.953,
4.207448816920450,1.043020322032020,8.701356657148670,1.0481,4.821,2481.688,
4.208089094476690,1.0424936519613100,8.703201614485690,1.0476,4.821,2488.453,
4.208309051004870,1.0417586422314000,8.69014357235678,1.0471,4.821,2495.203,
4.208677651130020,1.0417050747058600,8.718710295528350,1.0454,4.821,2501.938,
4.207006895185610,1.0207863937300200,8.721699113395160,1.0274,4.808,2508.672,
4.207009098282410,1.022583108139320,8.73452493572926,1.0269,4.808,2515.406,
4.207321640071290,1.0210391288515500,8.746807017303520,1.0258,4.808,2522.094,
4.207599405002720,1.019542449259420,8.760725204183340,1.0252,4.808,2528.781,
4.207912939260650,1.0213341500888300,8.757866439636940,1.0252,4.808,2535.469,
4.2083848949486,1.0185392218518400,8.782120245019590,1.0242,4.808,2542.172,
4.208905654442250,1.019041842316640,8.755064393674460,1.0236,4.808,2548.875,
4.207025804983150,0.999632683648874,8.762656586295630,1.0045,4.796,2555.594,
4.207177946980200,0.9989530863516710,8.76219222873624,1.004,4.796,2562.422,
4.207451090873680,0.9967552471940450,8.770212927398310,1.0034,4.796,2569.156,
4.207775719868800,0.9978681691691920,8.781634415879170,1.0024,4.796,2575.922,
4.208039917831440,0.9975579843843070,8.792951157818380,1.0018,4.796,2582.625,
4.208495842895300,0.9957447134374780,8.792164516380880,1.0013,4.796,2589.297,
4.20893030098144,0.9939406022771990,8.793624097800860,1.0007,4.796,2596.063,
4.209340978989040,0.9959483225184850,8.790461447182390,0.9996,4.796,2602.875,
4.209819538352480,0.9937503880223680,8.783854870484550,0.9985,4.796,2609.625,
4.207633403385320,0.9734013417207470,8.748472349718130,0.9789,4.783,2616.313,
4.208066766721410,0.9722721686310100,8.71748282615002,0.9784,4.783,2623.016,
4.208461372964580,0.9738127513616910,8.59882257621674,0.9773,4.783,2629.719,
4.208629607444330,0.9706977506799610,8.511493269116780,0.9767,4.783,2636.422,
4.206911528497700,0.9536251421202010,8.406293242576250,0.9577,4.77,2643.141,
4.207099558486020,0.9531538398588820,8.20930278222769,0.9571,4.77,2649.906,
4.207612329002350,0.9517882520822300,8.091587027806100,0.9566,4.77,2656.656,
4.208112646315620,0.9486757906694890,8.093555594169870,0.9555,4.77,2663.391,
4.208509456612560,0.9510940218931220,8.034504383558080,0.9549,4.77,2670.094,
4.2088658708374700,0.9479246257241620,7.939029192019910,0.9538,4.77,2676.781,
4.207482912962330,0.9296188290111430,7.881462126139280,0.9353,4.757,2683.5,
4.20782313206099,0.929894041520463,7.800319651309230,0.9348,4.757,2690.203,
4.208281913772710,0.9292982181414090,7.722199073666720,0.9337,4.757,2696.906,
4.208690535151090,0.9272372221806180,7.6506925181568900,0.9331,4.757,2703.609,
4.207028687026010,0.9089276297326620,7.548695930806420,0.9135,4.745,2710.313,
4.207343793863920,0.9078583634946470,7.448608520276970,0.9124,4.745,2717.031,
4.208016918561420,0.909948374413994,7.432280842250990,0.9119,4.745,2723.719,
4.208489634606890,0.9064792467472440,7.390959765839580,0.9102,4.745,2730.453,
4.209022769043390,0.9059257113703100,7.369255043171380,0.9102,4.745,2737.219,
4.209865117784340,0.9043454753166290,7.291596243468590,0.9091,4.745,2743.953,
4.208046370968540,0.8829110058524880,7.235303576142800,0.889,4.732,2750.672,
4.208450736098300,0.8827565437139960,7.213501797507500,0.8879,4.732,2757.406,
4.208952198749440,0.8819494245199650,7.097619632961080,0.8868,4.732,2764.141,
4.209535598197320,0.880147911697823,7.055191989319720,0.8863,4.732,2770.891,
4.2101439197080600,0.8804851800669290,6.964349034778220,0.8852,4.732,2777.609,
4.208472190762710,0.8620435407530860,6.953369593788310,0.8661,4.719,2784.375,
4.209080777995190,0.8601874456400440,6.853984941808100,0.8655,4.719,2791.125,
4.207124054748280,0.8416528274956210,6.773454967442190,0.8459,4.707,2797.859,
4.207405910605660,0.8396227965777740,6.714374060170100,0.8448,4.707,2804.578,
4.20789143710552,0.8389965658666880,6.704453991406100,0.8437,4.707,2811.313,
4.208437346992240,0.8381526864968740,6.688474959003170,0.8432,4.707,2818.047,
4.2090484958619800,0.8349247445746630,6.760438837988310,0.8421,4.707,2824.813,
4.209585347463430,0.8386036403284220,6.824229152588200,0.8416,4.707,2831.531,
4.20781981223536,0.8181872297365130,6.860319980258430,0.8225,4.694,2838.266,
4.2079799463086500,0.8166229787317200,6.889688565618850,0.8219,4.694,2845.0,
4.208610228830480,0.81471993197402,6.925905426041550,0.8208,4.694,2851.719,
4.208929609337720,0.813922862943208,6.938993122516110,0.8203,4.694,2858.406,
4.209624609526640,0.8138559862282790,6.97120100589634,0.8192,4.694,2865.078,
4.207592650921220,0.7965761196905570,6.9989831014871600,0.7996,4.681,2871.766,
4.207551749138110,0.7947448385328620,7.030084186156110,0.799,4.681,2878.5,
4.207898577494690,0.7940788350473800,7.042390565751100,0.798,4.681,2885.266,
4.20832574035178,0.7922709904191410,7.066687389619400,0.7974,4.681,2892.0,
4.208662105017540,0.7908140593374230,7.043584407269150,0.7963,4.681,2898.734,
4.209169270492630,0.7917433069172700,7.048995619049260,0.7958,4.681,2905.469,
4.2096859553310500,0.7924840617370090,7.055296814317110,0.7958,4.681,2912.203,
4.207747720693970,0.7728387925129190,7.075344548044720,0.7767,4.669,2918.984,
4.207921131566560,0.7723399191831840,7.080962795480100,0.7761,4.669,2925.641,
4.208228488835360,0.7722816414584160,7.089270389650750,0.7751,4.669,2932.344,
4.208520425865850,0.7699157501801430,7.075094486764290,0.7745,4.669,2939.047,
4.208919651825850,0.7708932127966080,7.072150977508210,0.774,4.669,2945.75,
4.209437210989200,0.7707036940921080,7.060075016659810,0.7734,4.669,2952.453,
4.209880754805290,0.7683507485918690,7.054779675948790,0.7723,4.669,2959.141,
4.210187995298740,0.7670096969926260,7.064491936569410,0.7723,4.669,2965.875,
4.210541318519110,0.766831687391343,7.0614129628821100,0.7712,4.669,2972.656,
4.2111625150592700,0.7662465141788650,7.05975408747618,0.7707,4.669,2979.359,
4.2092553901149000,0.7484447061644930,7.084399518788060,0.7522,4.656,2986.063,
4.209679482110670,0.7475151914370140,7.1012630224345000,0.7516,4.656,2992.781,
4.207525014255170,0.729160218303036,7.099759661610250,0.7331,4.643,2999.469,
4.207439162164030,0.7293246628694070,7.085233856836300,0.7325,4.643,3006.172,
4.207577617268970,0.7271814163743630,7.095943780467310,0.7315,4.643,3012.875,
4.207928323761470,0.7265646399319530,7.072055981742620,0.7315,4.643,3019.578,
4.208271062596020,0.7278821415387800,7.081296208591430,0.7309,4.643,3026.297,
4.208538865082550,0.7265819388064140,7.100196847839800,0.7304,4.643,3032.969,
4.208998346224060,0.725882732496721,7.104495620715940,0.7298,4.643,3039.719,
4.2091867826500400,0.7258287324537830,7.108631737335510,0.7293,4.643,3046.422,
4.2096208441903600,0.7239659729736680,7.107705796478040,0.7287,4.643,3053.109,
4.207572495552590,0.7033210979450780,7.120421776162950,0.7096,4.631,3059.828,
4.207605373512840,0.7067671750083930,7.10112984876758,0.7091,4.631,3066.563,
4.207799650444010,0.7065627485057530,7.107857401461570,0.7086,4.631,3073.266,
4.208229241576780,0.7052688464632640,7.116503244878440,0.708,4.631,3079.969,
4.208523691598210,0.7049165373089630,7.111706546116820,0.7075,4.631,3086.688,
4.208760558143030,0.704346505303578,7.099041993557280,0.7069,4.631,3093.391,
4.208970037358380,0.7027382697879550,7.105054920563370,0.7064,4.631,3100.094,
4.209437758882340,0.7025937357837820,7.126521302027370,0.7058,4.631,3106.781,
4.20983672844728,0.7011745925226880,7.137111700688280,0.7053,4.631,3113.484,
4.210278587144590,0.700596457521033,7.141292314750090,0.7047,4.631,3120.203,
4.210544647352470,0.7002414671913440,7.129579292680260,0.7042,4.631,3126.906,
4.2110520288289500,0.7000575425753990,7.145048094886630,0.7037,4.631,3133.609,
4.20906256365656,0.6812513415260220,7.1462911399908300,0.6846,4.618,3140.297,
4.209167561825210,0.6827529158903900,7.153370157306320,0.6846,4.618,3147.0,
4.2093362429655200,0.6804442392236140,7.145129769050590,0.684,4.618,3153.75,
4.209711663789280,0.680185602900605,7.154309858931080,0.6835,4.618,3160.453,
4.2099419568071100,0.6787235731408520,7.156450421358300,0.6829,4.618,3167.141,
4.210345234924490,0.6784476681686930,7.172179415976150,0.6829,4.618,3173.844,
4.210756878732980,0.6773221738880010,7.164020647787070,0.6818,4.618,3180.531,
4.208575952051730,0.6598836478809290,7.162181778253490,0.6639,4.605,3187.25,
4.208690026631590,0.6606928041418250,7.160942065545040,0.6633,4.605,3193.953,
4.209088352283190,0.6609910619616250,7.1738799442624100,0.6633,4.605,3200.641,
4.209094107677030,0.6578662722488560,7.18371928769324,0.6628,4.605,3207.344,
4.209431962210700,0.6573990793620400,7.173351784092460,0.6622,4.605,3214.047,
4.209850942333710,0.6582319590475580,7.187667265034710,0.6617,4.605,3220.797,
4.210000142907810,0.6581232099571200,7.195351340813530,0.6611,4.605,3227.5,
4.210408217552330,0.6570469836451470,7.1801279275590000,0.6606,4.605,3234.188,
4.210798856506770,0.6566600902288390,7.190745492335650,0.66,4.605,3240.891,
4.20867262710202,0.6394753951181510,7.210077219844330,0.6415,4.593,3247.594,
4.208638681103400,0.6388764449245080,7.2114512057226900,0.6415,4.593,3254.313,
4.208953805926870,0.6374448740123000,7.218869329931250,0.641,4.593,3261.016,
4.209104420366110,0.6378097981247030,7.234253541937730,0.641,4.593,3267.703,
4.209395028044300,0.6350578997023380,7.222465704505620,0.6404,4.593,3274.406,
4.209685125517820,0.6355393414235970,7.231577960727290,0.6399,4.593,3281.109,
4.209958463765320,0.6352392951943260,7.236763363057200,0.6393,4.593,3287.844,
4.21022027780956,0.6348929612378770,7.236655818949880,0.6388,4.593,3294.516,
4.210556450582280,0.6340451007232340,7.221765231430930,0.6382,4.593,3301.25,
4.210679497556940,0.6353614855919850,7.23514556326459,0.6377,4.593,3307.938,
4.211039151177000,0.6339195134034820,7.242194264673000,0.6372,4.593,3314.641,
4.21151537305352,0.63463415501017,7.224539476844510,0.6361,4.593,3321.328,
4.211707731174770,0.6335553656088910,7.229987985171370,0.6355,4.593,3328.031,
4.209876845640920,0.6155182166886470,7.23050193264257,0.6192,4.58,3334.781,
4.209935054117090,0.6145393832978510,7.236777513270660,0.6186,4.58,3341.453,
4.210204753753220,0.613585711787217,7.265056328274740,0.6181,4.58,3348.156,
4.210333115113990,0.6158158842278570,7.265715509697550,0.6181,4.58,3354.844,
4.210684036335460,0.6141601911891800,7.252861674501210,0.6175,4.58,3361.547,
4.2085509621546700,0.5971903588346460,7.2656624997378200,0.599,4.567,3368.266,
4.208641498060070,0.5962767984203850,7.260454068288550,0.599,4.567,3375.031,
4.208708008800230,0.5954434331776790,7.268184227626940,0.5985,4.567,3381.766,
4.2088211697382900,0.5959463081380040,7.286107403494710,0.5985,4.567,3388.5,
4.209157089239850,0.5948993063969530,7.276722003716210,0.5985,4.567,3395.234,
4.209421084670100,0.5938091337828090,7.270662569160290,0.5979,4.567,3401.969,
4.209404800085670,0.594228043795865,7.274258756411600,0.5974,4.567,3408.703,
4.209547695216080,0.5945750851033510,7.311028700850500,0.5974,4.567,3415.438,
4.209769503460710,0.5925143278245310,7.294563226536940,0.5968,4.567,3422.172,
4.210377019714040,0.5927590638934110,7.303958817120050,0.5963,4.567,3428.906,
4.210603740199840,0.5916963541479240,7.2991957653766300,0.5957,4.567,3435.641,
4.208365195650090,0.574136554180643,7.289945734831540,0.5772,4.555,3442.375,
4.208415739081440,0.5744094974487840,7.3152809770680000,0.5766,4.555,3449.141,
4.208495542130740,0.5740544421856100,7.3099541474355600,0.5766,4.555,3455.859,
4.208582175203990,0.573914702954851,7.307343040133710,0.5766,4.555,3462.594,
4.20868075526203,0.5735973083931530,7.299254896087910,0.5761,4.555,3469.328,
4.2090472236355200,0.5733952849555450,7.293546402635970,0.5761,4.555,3476.063,
4.209225397746090,0.5733354144085870,7.290219811597910,0.5756,4.555,3482.797,
4.209557946242200,0.5729772869578770,7.2956686913099600,0.575,4.555,3489.531,
4.209746925485040,0.570915891492472,7.322559196783780,0.575,4.555,3496.266,
4.2100081938051800,0.5710249908400120,7.325214321574690,0.5745,4.555,3503.0,
4.21028773376409,0.5721024058112590,7.32580394582961,0.5739,4.555,3509.734,
4.210466652462880,0.5715702430201550,7.328882648863190,0.5734,4.555,3516.438,
4.210662236300060,0.5706269306317390,7.334151706031460,0.5728,4.555,3523.172,
4.210969609602120,0.5691668819373220,7.328876133567270,0.5723,4.555,3529.906,
4.211266941892950,0.5701057865721460,7.334393313376220,0.5717,4.555,3536.641,
4.211371453490380,0.5685275759130560,7.333931677293060,0.5717,4.555,3543.375,
4.211918997729350,0.5676588406494020,7.3335929425499200,0.5707,4.555,3550.188,
4.209651975327660,0.5501631863178030,7.333574787116670,0.5527,4.542,3556.922,
4.209722489950060,0.5497970884289080,7.337728166756860,0.5527,4.542,3563.641,
4.2098401999866300,0.5512830471785630,7.3456660114490600,0.5527,4.542,3570.375,
4.21003834786062,0.5479639393592410,7.350357908090740,0.5521,4.542,3577.109,
4.210335847108070,0.5494812237082730,7.356765731681980,0.5516,4.542,3583.828,
4.210383934996980,0.5488160016972120,7.364940618562680,0.5516,4.542,3590.547,
4.210624180311480,0.5479536186768740,7.371412437651740,0.5505,4.542,3597.297,
4.210837597797090,0.5460659929338300,7.3647977585557200,0.5505,4.542,3604.016,
4.21099234340662,0.5457315475717410,7.362818243713820,0.5499,4.542,3610.734,
4.211266816230370,0.5467399986183080,7.37106283686667,0.5499,4.542,3617.469,
4.211530340556370,0.545685533898337,7.368112883423310,0.5494,4.542,3624.219,
4.211738116934890,0.5463821884863850,7.363189103729780,0.5488,4.542,3630.953,
4.209488493664650,0.526737572524975,7.363133196635760,0.5298,4.529,3637.672,
4.209451526937840,0.5269422515220000,7.375416595915760,0.5292,4.529,3644.453,
4.209633715807780,0.5268155597925010,7.383477304230640,0.5292,4.529,3651.25,
4.209736221353290,0.5256547774342710,7.373595543748380,0.5292,4.529,3657.922,
4.20984808832567,0.5233863828215510,7.377826251693790,0.5292,4.529,3664.703,
4.2099664591173000,0.5278688434062720,7.385209051669590,0.5287,4.529,3671.438,
4.210192852404340,0.5245983624698860,7.388715688262210,0.5281,4.529,3678.156,
4.210471281613690,0.5238466342032190,7.385692141410700,0.5281,4.529,3684.859,
4.210539317427470,0.5246644913298600,7.400783211910970,0.5276,4.529,3691.594,
4.210789157888700,0.5252237445597240,7.40250244660849,0.527,4.529,3698.328,
4.210980075734800,0.5229054603826740,7.398510049679240,0.527,4.529,3705.078,
4.211133219831320,0.5246135478160290,7.38872342932389,0.526,4.529,3711.813,
4.211347919311920,0.5241365591371820,7.399268922918830,0.526,4.529,3718.563,
4.211644780596160,0.5210234359577840,7.425830538039010,0.5254,4.529,3725.281,
4.209424482469140,0.5050680460913020,7.427156639930660,0.5074,4.517,3732.016,
4.209419469138410,0.5049594141415770,7.432453834149210,0.5074,4.517,3738.75,
4.209432438372880,0.5046657078322310,7.429019524160450,0.5074,4.517,3745.5,
4.209766182454950,0.5045067311116770,7.435438527752050,0.5063,4.517,3752.234,
4.209725113648200,0.5032137323800110,7.440175290728640,0.5063,4.517,3758.953,
4.209966764517270,0.5043474795605570,7.444071472168360,0.5063,4.517,3765.688,
4.210164711989660,0.5022190843958370,7.433607134749010,0.5058,4.517,3772.406,
4.210310539722150,0.5018010552802860,7.443108283264430,0.5058,4.517,3779.141,
4.2104891651016600,0.5039793451904090,7.444772643715380,0.5052,4.517,3785.875,
4.210699199983160,0.5032064043010360,7.45265895091865,0.5047,4.517,3792.594,
4.210975806504610,0.5012977849059290,7.4646499970787200,0.5047,4.517,3799.344,
4.2112555899428,0.5010089354675920,7.457117061281270,0.5042,4.517,3806.063,
4.211226713079730,0.5004640143285870,7.467096006511820,0.5042,4.517,3812.813,
4.2114621747414700,0.5014595256991510,7.473743722602520,0.5036,4.517,3819.531,
4.211621575205260,0.4994510539711980,7.48108873009212,0.5031,4.517,3826.266,
4.209286633795370,0.48305440470800500,7.476550764278320,0.4851,4.504,3832.984,
4.209588302148540,0.4821918448023210,7.470992440577920,0.4845,4.504,3839.703,
4.209613003567310,0.48232276664989700,7.470438656766870,0.4851,4.504,3846.438,
4.209659461121170,0.4815689352583510,7.459951039087490,0.4845,4.504,3853.203,
4.209803816658020,0.4819037133042000,7.426924530512510,0.4845,4.504,3859.938,
4.210017673530860,0.4829913448555060,7.348740026169690,0.484,4.504,3866.672,
4.210114051307400,0.4809080010595720,7.211420624252430,0.484,4.504,3873.406,
4.210434537925540,0.4804069538169820,7.075585062145550,0.4834,4.504,3880.141,
4.210603105589310,0.47982116642557300,6.966130575649190,0.4834,4.504,3886.875,
4.210858563334350,0.48089633425917200,6.860391033274380,0.4829,4.504,3893.609,
4.211051600075230,0.47862115529653600,6.801797464718710,0.4824,4.504,3900.344,
4.211340830025680,0.4788006313868030,6.760566257413440,0.4818,4.504,3907.078,
4.211630540288530,0.4783120044814660,6.677186813965080,0.4813,4.504,3913.813,
4.2095537432239000,0.4597444353863200,6.5768744322323800,0.4627,4.491,3920.641,
4.209689397204310,0.46139303907815100,6.536918380343400,0.4627,4.491,3927.391,
4.209835468184790,0.461281425132662,6.483711385470910,0.4627,4.491,3934.094,
4.209943025864200,0.46086422478815200,6.3873296124928000,0.4622,4.491,3940.797,
4.210184662165090,0.45965369366185200,6.313043920611470,0.4616,4.491,3947.641,
4.210364647652110,0.45821112456030500,6.2046095167150200,0.4611,4.491,3954.375,
4.210763379886780,0.45780310864845400,6.181953610645320,0.4605,4.491,3961.125,
4.211144111101730,0.45814022759260200,6.0859939579355400,0.46,4.491,3967.859,
4.211481296891950,0.45730372739616900,6.08482137753586,0.4595,4.491,3974.594,
4.21163473031971,0.45587355720017100,5.993847546102580,0.4589,4.491,3981.328,
4.209346375345980,0.43688073650212000,5.895716088750990,0.4393,4.479,3988.063,
4.209426821613200,0.43774881423913300,5.833918053355220,0.4393,4.479,3994.797,
4.2097301457708,0.4372768536905190,5.754008008987320,0.4387,4.479,4001.531,
4.209808858935240,0.43724919185900600,5.7529269244097,0.4387,4.479,4008.266,
4.210273656231200,0.4360045617504950,5.683649112244110,0.4382,4.479,4015.016,
4.210411236636900,0.43587156443250200,5.613565090208170,0.4377,4.479,4021.75,
4.2107777286689000,0.43504053830547600,5.5577267951722700,0.4371,4.479,4028.5,
4.211053732604090,0.43525431655001500,5.4829331042498600,0.436,4.479,4035.281,
4.211190203781850,0.4340436984830460,5.412796001428500,0.436,4.479,4042.0,
4.211558344536040,0.43354724291908100,5.36471457320964,0.4355,4.479,4048.734,
4.2119151088112700,0.43148879421229000,5.3303818916262200,0.4349,4.479,4055.469,
4.212247194506700,0.4329113385684170,5.303416860999700,0.4344,4.479,4062.203,
4.212632563206210,0.43273742788183100,5.308291766922110,0.4338,4.479,4068.938,
4.210308725369890,0.41487600762977000,5.354448949231260,0.4153,4.466,4075.672,
4.210645012394380,0.41237535848313500,5.439066167634300,0.4159,4.466,4082.406,
4.2105593285131600,0.41465853766049400,5.500948756087770,0.4153,4.466,4089.172,
4.210741221818040,0.4136006218394840,5.531707548693460,0.4148,4.466,4095.906,
4.210907929962240,0.4120777234150950,5.558870414252340,0.4148,4.466,4102.641,
4.211079151868560,0.4111299580924110,5.586113144319040,0.4142,4.466,4109.375,
4.211343573122980,0.41174041668253300,5.618887324539980,0.4137,4.466,4116.109,
4.211560280778420,0.41100870189872300,5.643579711972100,0.4131,4.466,4122.844,
4.211709221355260,0.4110464264367000,5.64835941876029,0.4126,4.466,4129.578,
4.211990770018460,0.4112736158229380,5.673625248761000,0.4126,4.466,4136.328,
4.211972518082680,0.40802603339283600,5.6769377593536300,0.412,4.466,4143.063,
4.212135147085680,0.41056097122897300,5.685740473520150,0.4115,4.466,4149.813,
4.2123536885571200,0.4095776378660930,5.693078340089020,0.4109,4.466,4156.547,
4.212817950374370,0.40950414910319000,5.7054125800327600,0.4109,4.466,4163.313,
4.210354981702810,0.3898624731604330,5.717806589079450,0.393,4.453,4170.063,
4.210455855784110,0.39490951737676100,5.720606001583000,0.393,4.453,4176.797,
4.2104867881793100,0.3917708582200560,5.728133195215880,0.393,4.453,4183.531,
4.210501954443900,0.38967005969062900,5.738396400602340,0.393,4.453,4190.281,
4.21063703535215,0.3920957468959110,5.752055889576210,0.3924,4.453,4197.031,
4.210973872698430,0.3897698779761020,5.750073275587470,0.3924,4.453,4203.734,
4.210806954786820,0.3912461674168210,5.755210121180880,0.3924,4.453,4210.422,
4.211079216075950,0.39023565948584100,5.757750940571380,0.3919,4.453,4217.109,
4.2111628771394100,0.3890607413775490,5.751146267569090,0.3913,4.453,4223.797,
4.211310741822480,0.3879753907654050,5.754900015601160,0.3913,4.453,4230.484,
4.2112486880590800,0.388367760360743,5.778772993871090,0.3908,4.453,4237.188,
4.211743477413460,0.38927525943329500,5.7768529193481500,0.3902,4.453,4243.875,
4.209156127322230,0.36956698296126900,5.783019106666940,0.3722,4.44,4250.594,
4.20912179506086,0.3703582346526220,5.801952598764080,0.3728,4.44,4257.281,
4.209150519599140,0.3710575547312780,5.806033455888330,0.3722,4.44,4263.969,
4.209076894381480,0.37014260099776700,5.813079743220830,0.3722,4.44,4270.656,
4.209231005539910,0.37120918952775200,5.8231721269465700,0.3722,4.44,4277.344,
4.209244760861560,0.37041539972579200,5.815846696647050,0.3717,4.44,4284.063,
4.209440006373780,0.3690785112130550,5.825144072797440,0.3717,4.44,4290.75,
4.209466347167150,0.36936842261130400,5.822553483906970,0.3717,4.44,4297.422,
4.209560132280380,0.36964228951037200,5.850479275023740,0.3712,4.44,4304.125,
4.209744624823900,0.3690165070419660,5.850003737100930,0.3712,4.44,4310.813,
4.209887890009870,0.36835453164175200,5.8360626745191800,0.3706,4.44,4317.516,
4.209968160679690,0.37004403113477200,5.860250499525470,0.3706,4.44,4324.203,
4.209880065333600,0.36903597886946900,5.869406224001850,0.3701,4.44,4330.906,
4.21013170271557,0.36863783287485300,5.86539018229631,0.3701,4.44,4337.594,
4.210236398745860,0.36666984627622700,5.857875345910860,0.3695,4.44,4344.281,
4.21028239431753,0.3676547040185380,5.867395554557900,0.369,4.44,4350.969,
4.210541670098280,0.3665897800256980,5.873436306325650,0.369,4.44,4357.703,
4.210720366605640,0.3692106511380150,5.891043470027640,0.3684,4.44,4364.406,
4.210877975732870,0.3672620693732440,5.9050217983026100,0.3684,4.44,4371.094,
4.210884384519920,0.36633110515628900,5.919587624207970,0.3684,4.44,4377.813,
4.211014801294170,0.36618834423395100,5.920003902073410,0.3684,4.44,4384.5,
4.211205415156550,0.36670869606277100,5.914182130027180,0.3679,4.44,4391.188,
4.211395027350110,0.3662488894345000,5.918803109741470,0.3679,4.44,4397.891,
4.211431837323400,0.36574873850739500,5.939434149867350,0.3673,4.44,4404.578,
4.211665484350290,0.3635287242795880,5.9453894084705300,0.3668,4.44,4411.281,
4.209197954107090,0.3477982537273070,5.969308223786570,0.3483,4.428,4417.984,
4.209148416582010,0.3459977625754780,5.955926374266070,0.3488,4.428,4424.672,
4.209080850972650,0.346744047251851,5.97141713907475,0.3488,4.428,4431.516,
4.209114926352850,0.34775060766821600,5.968843681402500,0.3488,4.428,4438.219,
4.209252844365630,0.3472643091540160,5.989660799442210,0.3483,4.428,4444.938,
4.209255745709910,0.3477947120351200,5.993272265110300,0.3483,4.428,4451.672,
4.209420764882980,0.3472370665537360,5.978719917194710,0.3483,4.428,4458.406,
4.209357558564640,0.3472308515531770,5.996253362274910,0.3483,4.428,4465.125,
4.209489563533090,0.34700967294704400,6.013717745023420,0.3477,4.428,4471.844,
4.209513326736290,0.34567189804385900,6.020808892303940,0.3477,4.428,4478.563,
4.2096996622562,0.34486181068593200,6.024370204127020,0.3477,4.428,4485.25,
4.2097852525574300,0.3463675617754350,6.032495360095500,0.3477,4.428,4491.953,
4.210093428357400,0.3456659299686560,6.035641711917290,0.3472,4.428,4498.656,
4.210042173459450,0.34449150784505700,6.04155030969666,0.3466,4.428,4505.406,
4.210179189074880,0.34391256670363100,6.046141749672140,0.3466,4.428,4512.219,
4.210280766945030,0.34318458089096700,6.060808722968720,0.3466,4.428,4518.984,
4.210362551721160,0.3444638173426570,6.065931546843090,0.3461,4.428,4525.734,
4.210530098565220,0.34423891456807200,6.0754994398995100,0.3461,4.428,4532.531,
4.210723128231290,0.34378091114498200,6.095431933276470,0.3455,4.428,4539.234,
4.210708209559940,0.34369144040802700,6.0975721377316700,0.3461,4.428,4546.016,
4.210853337840140,0.34384704909567400,6.120827922888810,0.345,4.428,4552.703,
4.210896084899510,0.34342523454819300,6.121842174355290,0.345,4.428,4559.391,
4.2112568705741,0.343016103555389,6.127442640249110,0.3444,4.428,4566.078,
4.211251409729960,0.34455432574854800,6.126150178549670,0.3444,4.428,4572.781,
4.211383052841010,0.34333815341148400,6.131590845937660,0.3444,4.428,4579.484,
4.2113185968595600,0.34357378105642600,6.147074756817560,0.3444,4.428,4586.172,
4.211545254051960,0.34201813522296400,6.149106030216370,0.3439,4.428,4592.875,
4.211916058768790,0.34220002122403900,6.159934676818230,0.3439,4.428,4599.563,
4.211902304266340,0.34151950095720300,6.164403590327760,0.3434,4.428,4606.25,
4.212123740914530,0.342206707476598,6.168656208926590,0.3434,4.428,4612.953,
4.212431140286810,0.3416588057721800,6.176558035882790,0.3428,4.428,4619.641,
4.212258860907970,0.3402693225026340,6.185139134200920,0.3428,4.428,4626.328,
4.212441175591680,0.340095964296466,6.188285857204870,0.3428,4.428,4633.016,
4.212637574042190,0.3395392639407290,6.1986809746433900,0.3423,4.428,4639.703,
4.210269764006850,0.3239888261505420,6.210792017457350,0.3243,4.415,4646.422,
4.2101322869540300,0.32181850044736100,6.21057299457013,0.3248,4.415,4653.109,
4.210028593460820,0.32279135733468400,6.232304932573130,0.3248,4.415,4659.797,
4.21024772954199,0.32243353801727900,6.247050554372160,0.3248,4.415,4666.484,
4.210310931281420,0.32292594100580600,6.247823494693050,0.3243,4.415,4673.172,
4.210230630126540,0.3238683284073350,6.234820934266040,0.3243,4.415,4679.891,
4.21047451734118,0.3228109440571660,6.254982880483860,0.3243,4.415,4686.563,
4.21036976309042,0.32273532067559700,6.273398172999350,0.3243,4.415,4693.266,
4.21042028562133,0.3206872859594620,6.265121141169120,0.3237,4.415,4699.953,
4.210672425916840,0.3209182553743990,6.256337617832120,0.3237,4.415,4706.625,
4.210576973396180,0.32194183102149300,6.268967118587120,0.3237,4.415,4713.313,
4.210898389156560,0.32170730318619700,6.271645501796380,0.3237,4.415,4719.984,
4.210850482519500,0.32273946771418400,6.285433608496680,0.3232,4.415,4726.688,
4.2111201538295200,0.32188215892233900,6.291509927317940,0.3232,4.415,4733.359,
4.211079821911990,0.3224007862476800,6.290929551675330,0.3232,4.415,4740.047,
4.211212866827110,0.32011166206158700,6.286326815054070,0.3226,4.415,4746.719,
4.211230527109860,0.31964683660626200,6.298467978261220,0.3226,4.415,4753.391,
4.211332948371150,0.3215097538018750,6.307208531225320,0.3221,4.415,4760.109,
4.2116704679317600,0.32149377390534000,6.320063784463690,0.3221,4.415,4766.781,
4.211550933614670,0.32006240047570700,6.326328829341640,0.3216,4.415,4773.469,
4.211816455511820,0.3196384563836700,6.324154789071920,0.3216,4.415,4780.156,
4.211861369270420,0.3213180790087230,6.333161895664130,0.3216,4.415,4786.844,
4.2120665196315300,0.31812352470183300,6.344879948184570,0.321,4.415,4793.547,
4.212109003799080,0.31924560485923000,6.3323953810049200,0.321,4.415,4800.281,
4.212308518135670,0.3172544898271430,6.348961454427680,0.3205,4.415,4806.969,
4.212373721829880,0.31736863602352900,6.364842172621180,0.3205,4.415,4813.656,
4.212426892762140,0.31879271293285200,6.372097698731990,0.3205,4.415,4820.344,
4.212655591130550,0.3189444168384650,6.377125017513380,0.3205,4.415,4827.047,
4.210084801286670,0.3010548419060970,6.385635989822680,0.3025,4.402,4833.75,
4.210202676787290,0.29905408158199600,6.387139433149970,0.303,4.402,4840.438,
4.210034748395060,0.30083004937291000,6.3945289252600000,0.3025,4.402,4847.125,
4.210092076731920,0.30130145216584400,6.393008883581070,0.3025,4.402,4853.813,
4.210044366874810,0.2992674943820900,6.403292742535140,0.3025,4.402,4860.547,
4.210251954713650,0.30104375211841800,6.41148629967614,0.3025,4.402,4867.234,
4.210032057345670,0.3004802636862920,6.4276688911100600,0.3019,4.402,4873.969,
4.210286793955500,0.30090191195357700,6.424255221247760,0.3025,4.402,4880.625,
4.210384643845230,0.2997195915194080,6.443150836756290,0.3019,4.402,4887.359,
4.210502596571090,0.299277077084728,6.447497795531390,0.3019,4.402,4894.109,
4.210460116948260,0.300887021194599,6.450172642745860,0.3019,4.402,4900.781,
4.210592282742020,0.300034220992473,6.462351143024760,0.3019,4.402,4907.469,
4.210659460902440,0.2999031950827620,6.469409538683090,0.3014,4.402,4914.156,
4.2108200123914400,0.29867534097678200,6.478925549282470,0.3014,4.402,4920.859,
4.210895289594270,0.29909119325878400,6.477758043308630,0.3014,4.402,4927.547,
4.2110108994877700,0.2979877023932600,6.4926025459952,0.3008,4.402,4934.234,
4.211036792159560,0.2995325131704880,6.488657172655730,0.3008,4.402,4940.906,
4.211282108991430,0.29909245309705800,6.500139090896110,0.3008,4.402,4947.594,
4.211205068049350,0.29863241764886000,6.512773635603300,0.3003,4.402,4954.297,
4.211301052421990,0.29898656624553700,6.516895463647690,0.2997,4.402,4960.984,
4.211311531759340,0.2971476011933580,6.537475616026940,0.2997,4.402,4967.656,
4.211339460720270,0.29807597987413500,6.539262735162700,0.2997,4.402,4974.344,
4.211628915075620,0.29777517150889100,6.545361519129650,0.2997,4.402,4981.016,
4.2116881678777100,0.29783263105237500,6.551614587861640,0.2992,4.402,4987.703,
4.211903336617050,0.2971716509596850,6.558737036640580,0.2992,4.402,4994.406,
4.211954311675820,0.29635585959940400,6.564545625188710,0.2992,4.402,5001.156,
4.212271464025230,0.29849463336252800,6.56930163278107,0.2987,4.402,5007.813,
4.212296818364480,0.297283244903452,6.5706842426293,0.2987,4.402,5014.531,
4.2122089296159100,0.2948805386721170,6.580659481452550,0.2981,4.402,5021.203,
4.212320841593390,0.2961432384492790,6.593213182446140,0.2981,4.402,5027.891,
4.212526561024900,0.29510087873313500,6.59830193071108,0.2981,4.402,5034.563,
4.2126523767329800,0.29600533316937400,6.597588009581750,0.2976,4.402,5041.25,
4.210177551184040,0.279828396700747,6.605710138056490,0.2801,4.39,5047.953,
4.210174733182320,0.2794052459275980,6.616326785303880,0.2807,4.39,5054.641,
4.2102417955780700,0.27808934571212800,6.633958271658130,0.2801,4.39,5061.328,
4.209990719762700,0.2786343155168840,6.640181618729080,0.2801,4.39,5068.016,
4.210145887305640,0.277526349319903,6.650159530586740,0.2801,4.39,5074.703,
4.210091286745420,0.2791169879560110,6.652976440790970,0.2801,4.39,5081.406,
4.2101596923099400,0.27758313684846800,6.654897969778850,0.2801,4.39,5088.094,
4.210096000001520,0.27816619803758300,6.65629131806711,0.2801,4.39,5094.781,
4.210301972866020,0.27864537695554800,6.662232261114790,0.2796,4.39,5101.469,
4.210369954877010,0.27947075388304800,6.67238832678863,0.2796,4.39,5108.141,
4.210423463312460,0.27857737126378000,6.665334739646060,0.2796,4.39,5114.844,
4.210566865682750,0.2779887455040350,6.666779577383540,0.2796,4.39,5121.531,
4.210572388265670,0.2768333334641040,6.588563466809660,0.279,4.39,5128.219,
4.210751250980620,0.27763563642255500,6.475037778963860,0.279,4.39,5134.906,
4.2107163860911300,0.27760292864299700,6.331300334054840,0.279,4.39,5141.609,
4.210817769252520,0.2768304323836330,6.214671920226210,0.279,4.39,5148.297,
4.211085591769730,0.27876297178407700,6.1122646066053100,0.2785,4.39,5154.969,
4.21112919369914,0.2763402874282490,6.030791418040080,0.2785,4.39,5161.656,
4.2113827446061800,0.27654711180955200,5.9495023978491900,0.2779,4.39,5168.328,
4.211481820063260,0.2776064584292020,5.912447074105250,0.2779,4.39,5175.031,
4.211541825694660,0.276343992138618,5.855531862067090,0.2774,4.39,5181.703,
4.211719629955080,0.27476280440369400,5.773142273040480,0.2774,4.39,5188.391,
4.211888376100190,0.275365651759482,5.701241965346000,0.2769,4.39,5195.063,
4.212078593871510,0.27551446646836200,5.626036177682330,0.2769,4.39,5201.781,
4.212348598421680,0.2742527511173720,5.572094423330350,0.2763,4.39,5208.469,
4.212447606380850,0.2738802798269990,5.4927194758061900,0.2763,4.39,5215.984,
4.21274441617285,0.27457934403333600,5.38932164386746,0.2758,4.39,5222.703,
4.212890491665540,0.2746618274950510,5.337938253252720,0.2752,4.39,5229.422,
4.2131994877866800,0.2737535096690280,5.286341276951830,0.2752,4.39,5236.156,
4.213268189851280,0.272856681838199,5.237133917113850,0.2741,4.39,5242.891,
4.21347173182933,0.2730156094157830,5.1881617543440300,0.2741,4.39,5249.594,
4.213968165954680,0.270688083187921,5.1173443646234400,0.2736,4.39,5256.328,
4.2112211472460100,0.25454797948284600,5.069564342454120,0.2556,4.377,5263.063,
4.211315233163290,0.2549025480052920,5.0292951736526800,0.2556,4.377,5269.797,
4.211274900169310,0.25411696508909800,4.9833245285082900,0.2556,4.377,5276.516,
4.21136276976715,0.25470386224017100,4.89405646288423,0.2556,4.377,5283.234,
4.21160934053277,0.2531627753972510,4.893788768356670,0.2551,4.377,5289.969,
4.211728849045780,0.2531073743606520,4.825465378865730,0.2551,4.377,5296.688,
4.211864636535020,0.25374757782650900,4.806084813696130,0.2545,4.377,5303.406,
4.2119964350241500,0.25325007974243700,4.819190489569340,0.2545,4.377,5310.141,
4.212238375498000,0.25303969878702800,4.885847991266100,0.254,4.377,5316.859,
4.212406890813460,0.25098203932154400,4.9648879748246700,0.254,4.377,5323.594,
4.2124622812441900,0.2526118853128570,5.008459803479060,0.2534,4.377,5330.328,
4.2124456124631,0.25318653686390600,5.0682543092129,0.2534,4.377,5337.063,
4.212592625408080,0.25106152911142900,5.108535421122630,0.2534,4.377,5343.781,
4.210259219434230,0.2348061050759220,5.114324168063550,0.236,4.364,5350.516,
4.2101329282045500,0.23517068432865800,5.158131742711310,0.236,4.364,5357.266,
4.210189511917040,0.2349384611412360,5.194736242561930,0.236,4.364,5363.984,
4.210065083071430,0.23463676006138600,5.216658308044720,0.236,4.364,5370.719,
4.210039374862010,0.23395346461555100,5.234219243996270,0.236,4.364,5377.438,
4.210188234011470,0.23527784815942400,5.252635337466950,0.236,4.364,5384.172,
4.210171864907800,0.23553136292683200,5.251371185968960,0.236,4.364,5390.922,
4.2103250214742600,0.23585823523598200,5.273098179313840,0.236,4.364,5397.641,
4.210318043445170,0.23454333545996500,5.289749730353690,0.236,4.364,5404.359,
4.2103891828103000,0.23479468117576000,5.269731687178320,0.2354,4.364,5411.094,
4.210583638151100,0.2342029253216230,5.257919010050960,0.2354,4.364,5417.813,
4.210605141388100,0.23444637687334000,5.2676027679433200,0.2354,4.364,5424.578,
4.210581043935330,0.23624798613424400,5.292890523287720,0.2349,4.364,5431.297,
4.210790765776250,0.23367099262597200,5.2997153071126100,0.2354,4.364,5438.047,
4.210771866531290,0.23302692284198200,5.335936128988560,0.2349,4.364,5444.766,
4.210778345968060,0.23351226023204200,5.324758239680450,0.2349,4.364,5451.5,
4.210867201651410,0.23218163074165600,5.334589929504970,0.2349,4.364,5458.234,
4.211021730950840,0.23378603283027000,5.322809384621360,0.2349,4.364,5464.953,
4.210923114084120,0.23358050065425000,5.338110584987450,0.2349,4.364,5471.672,
4.2110881749198300,0.2327245806974030,5.35403615378932,0.2343,4.364,5478.422,
4.211126292721030,0.23086449469782000,5.362178990190790,0.2343,4.364,5485.156,
4.211121132669980,0.23252642895329300,5.367365849780590,0.2343,4.364,5491.891,
4.211290865044250,0.23206015207143400,5.3658952268436100,0.2338,4.364,5498.609,
4.211412475851620,0.23230345816398900,5.384819609405860,0.2338,4.364,5505.344,
4.211618680594420,0.23174960262273400,5.39337374642926,0.2338,4.364,5512.063,
4.211726502999740,0.23222830060650600,5.395400706765660,0.2332,4.364,5518.813,
4.2118202387664300,0.2318267066764520,5.3886708262433400,0.2332,4.364,5525.531,
4.211800063398670,0.23174674014881500,5.403951057926660,0.2332,4.364,5532.281,
4.2119112813494100,0.23217344624553600,5.435732517837210,0.2332,4.364,5539.016,
4.212116892736750,0.23215114030731300,5.4510690644807300,0.2327,4.364,5545.734,
4.212118783798010,0.23157081030283600,5.4499758329184600,0.2327,4.364,5552.484,
4.212145882881090,0.23146184863788700,5.461786558190320,0.2322,4.364,5559.203,
4.212377618824700,0.23089346085841600,5.4541133100026000,0.2327,4.364,5565.938,
4.2124619437243000,0.22831678661916800,5.46218759252492,0.2322,4.364,5572.656,
4.212563022495810,0.23150708877228900,5.473438495139100,0.2322,4.364,5579.391,
4.209875873214470,0.2146459134866080,5.4893849494852000,0.2147,4.352,5586.125,
4.209801387655090,0.2141566981372390,5.4893252312693000,0.2153,4.352,5592.844,
4.2096104438779,0.21483276177316500,5.493608980603210,0.2153,4.352,5599.578,
4.20969952927387,0.21484715368168600,5.496361438326960,0.2153,4.352,5606.328,
4.209753001715670,0.21472052342659500,5.498853454585690,0.2153,4.352,5613.047,
4.209711657648310,0.21372569919323700,5.5089657784364700,0.2153,4.352,5619.766,
4.20968174659336,0.21459801813529400,5.517463214907070,0.2153,4.352,5626.484,
4.2097358599733800,0.21534637003271800,5.549490888806000,0.2153,4.352,5633.219,
4.209640412908950,0.21498705835399800,5.562668228894780,0.2153,4.352,5639.938,
4.209721776107950,0.21479859418929200,5.559748526847280,0.2153,4.352,5646.672,
4.209871693975310,0.2135863890005670,5.55553276324208,0.2153,4.352,5653.422,
4.209901969212850,0.2139256508429870,5.555720459872620,0.2153,4.352,5660.141,
4.209912266272530,0.21313391780307100,5.570297877992270,0.2153,4.352,5666.859,
4.209947449574670,0.21395402188244600,5.579767019349510,0.2153,4.352,5673.594,
4.209968408547860,0.21386637789704700,5.590821281358040,0.2147,4.352,5680.328,
4.209905015502600,0.21403826313526600,5.5983068312972500,0.2147,4.352,5687.047,
4.210078537608020,0.21397507943045500,5.627086496841530,0.2147,4.352,5693.781,
4.210225525040480,0.21355818851610200,5.625094542547420,0.2147,4.352,5700.516,
4.210179405224620,0.21550874109878400,5.636607942276020,0.2142,4.352,5707.25,
4.210384877401700,0.21364057712198600,5.646772635687360,0.2142,4.352,5713.984,
4.210290280048030,0.21328647753873300,5.654418168104690,0.2142,4.352,5720.703,
4.2104267479020500,0.21298755018626200,5.668592877452160,0.2142,4.352,5727.422,
4.21050886609965,0.21353361734441800,5.672865503309840,0.2142,4.352,5734.172,
4.210542068880830,0.21362912644417700,5.679772932644480,0.2136,4.352,5740.891,
4.210520736906300,0.2128152088293880,5.678926416601210,0.2136,4.352,5747.609,
4.210593140791240,0.21260202021290900,5.6920575904853300,0.2136,4.352,5754.328,
4.210636328578530,0.21261477088406300,5.702006865772630,0.2136,4.352,5761.063,
4.210678536347880,0.21237379155992600,5.719249433473310,0.2131,4.352,5767.781,
4.210779890961780,0.210629312377786,5.719360035712490,0.2136,4.352,5774.516,
4.210835139329540,0.21156584500189700,5.743329636303800,0.2131,4.352,5781.25,
4.211147546808660,0.21379014770944200,5.759807567601280,0.2131,4.352,5787.969,
4.21106829685706,0.21187573272569200,5.7566068149982400,0.2131,4.352,5794.703,
4.210994882002730,0.21301644883089000,5.74592391388816,0.2131,4.352,5801.438,
4.211230344774900,0.21214176041235000,5.755661775734670,0.2125,4.352,5808.172,
4.211188315420310,0.21110481531252000,5.769422935241660,0.2125,4.352,5814.891,
4.211235183254730,0.21010138440982100,5.791949982780120,0.2125,4.352,5821.656,
4.211271576333370,0.21193035833916200,5.780291635142150,0.2125,4.352,5828.406,
4.211575705044430,0.21187806202938600,5.8143866713282400,0.212,4.352,5835.094,
4.211503116827060,0.21231178061418100,5.807886714555750,0.212,4.352,5841.781,
4.211670520900010,0.21143966102030500,5.81982979543582,0.212,4.352,5848.469,
4.211670249745990,0.21192676706754400,5.80357371644219,0.212,4.352,5855.203,
4.2117442267053300,0.2102536710645400,5.828869225542540,0.2114,4.352,5861.891,
4.2119120763697300,0.21050603331553300,5.8387696620112300,0.2114,4.352,5868.578,
4.211932797926290,0.21060405267454000,5.8570657084399200,0.2109,4.352,5875.266,
4.211981306627610,0.21048740942631000,5.861232358983740,0.2109,4.352,5881.953,
4.212031406301830,0.21010429712785600,5.856846871953720,0.2109,4.352,5888.641,
4.2120991082054000,0.20925864769657400,5.870051051567260,0.2109,4.352,5895.344,
4.212090427672030,0.21032959723647700,5.87915702215752,0.2109,4.352,5902.047,
4.212089154945490,0.20855051530812300,5.896505061607020,0.2104,4.352,5908.734,
4.21248648572058,0.20934849971138800,5.921968668486110,0.2104,4.352,5915.422,
4.212387350664750,0.21062394468153100,5.918180793829330,0.2104,4.352,5922.109,
4.212514926319630,0.21114462382054600,5.920810590892740,0.2104,4.352,5928.844,
4.212593008219510,0.20966921782271500,5.92888289511876,0.2098,4.352,5935.531,
4.21262970125577,0.20967724257967800,5.9226186134692300,0.2098,4.352,5942.219,
4.212705411140910,0.2066927298464610,5.939975736253000,0.2098,4.352,5948.906,
4.21276366698503,0.21030763776903700,5.957329536403330,0.2098,4.352,5955.594,
4.212863631928100,0.2080510902910590,5.96234436718367,0.2093,4.352,5962.313,
4.212767677080690,0.207060367275967,5.962704942590880,0.2098,4.352,5969.0,
4.213004218862710,0.20767247384785400,5.974136736608300,0.2093,4.352,5975.688,
4.213142007055030,0.20802337340315700,5.983736332477380,0.2093,4.352,5982.375,
4.213287304725920,0.2091059207596680,5.984473255249910,0.2093,4.352,5989.078,
4.2133230202477200,0.20717593541828900,5.992249071557620,0.2087,4.352,5995.766,
4.213295573177000,0.20777753023409400,5.999021901792320,0.2087,4.352,6002.5,
4.213406127208460,0.20850293490843800,6.009611078126440,0.2087,4.352,6009.188,
4.213503091912180,0.20777129298380200,6.024781881000330,0.2082,4.352,6015.875,
4.2136454078696800,0.20721037106035800,6.023375055577760,0.2082,4.352,6022.563,
4.211091477275700,0.19086755336216200,6.036314887415300,0.1907,4.339,6029.281,
4.210841081346300,0.19161307784494400,6.0418149764781100,0.1913,4.339,6035.969,
4.210808189781720,0.1907457044762270,6.055354608461650,0.1913,4.339,6042.656,
4.2108143146786200,0.19102574920725700,6.063236849844150,0.1918,4.339,6049.344,
4.210603125536820,0.1914704687016200,6.059507977535580,0.1918,4.339,6056.063,
4.210854843022360,0.19135526834568600,6.058680104968690,0.1913,4.339,6062.75,
4.210805850652720,0.18982459623683600,6.077465693037800,0.1913,4.339,6069.438,
4.210671866845980,0.19009789518716400,6.07051376961351,0.1913,4.339,6076.125,
4.210802204418150,0.19033210571912000,6.094689937119440,0.1913,4.339,6082.828,
4.210726942279500,0.19037355009654100,6.104833952015960,0.1918,4.339,6089.531,
4.210961037875920,0.19076150511945400,6.113508741172790,0.1913,4.339,6096.219,
4.210952141006860,0.19107501967836200,6.125366928863000,0.1913,4.339,6102.906,
4.210727369249620,0.19104444252018500,6.128802170676940,0.1913,4.339,6109.594,
4.210988881721870,0.19019658970687500,6.123695386286570,0.1913,4.339,6116.281,
4.211045103788370,0.1911919992919370,6.145901412636280,0.1913,4.339,6123.0,
4.211092840204850,0.18962218743136100,6.154435152789610,0.1913,4.339,6129.672,
4.211032458689600,0.19071092578807400,6.154773316342350,0.1913,4.339,6136.359,
4.211015750590340,0.18984474403441300,6.156965582248750,0.1913,4.339,6143.094,
4.211107193286390,0.19000816170325100,6.1697084136047100,0.1907,4.339,6149.938,
4.21128855572448,0.1911994468084830,6.175863332060020,0.1907,4.339,6156.688,
4.211223102050830,0.18981145530700800,6.185534191458120,0.1907,4.339,6163.406,
4.21144827608978,0.18951678424345200,6.196729337532760,0.1907,4.339,6170.156,
4.211503639902160,0.19121809009351100,6.219968925676790,0.1907,4.339,6176.891,
4.211414291172320,0.189484551862577,6.233325176677530,0.1907,4.339,6183.656,
4.211574620292690,0.18929441161636800,6.23863935734401,0.1907,4.339,6190.375,
4.211501881651100,0.1893420608837510,6.244205172223720,0.1902,4.339,6197.109,
4.211600330421940,0.1901091739060930,6.262574387723310,0.1902,4.339,6203.828,
4.211640474811780,0.18865140015427100,6.270738034747550,0.1902,4.339,6210.547,
4.211729721758730,0.18963823680408100,6.283752873215640,0.1896,4.339,6217.391,
4.211846909630670,0.189489892025086,6.285653036760710,0.1896,4.339,6224.078,
4.211798512162560,0.18909912541815200,6.300041435919400,0.1896,4.339,6230.766,
4.211956805517770,0.1896901420418270,6.30577034843303,0.1896,4.339,6237.453,
4.2119960149351200,0.18908755364373500,6.316778010181460,0.1896,4.339,6244.125,
4.212119653475770,0.18971187078804700,6.320289330389090,0.1896,4.339,6250.828,
4.212164607347930,0.18869473196539800,6.334096400248120,0.1896,4.339,6257.516,
4.212268676151750,0.18803009037013300,6.335344282008720,0.1891,4.339,6264.188,
4.212190461545210,0.18764638484863700,6.353995987239450,0.1891,4.339,6270.875,
4.212301026514290,0.18947639485566900,6.369432523855620,0.1891,4.339,6277.563,
4.212436691765010,0.18854958071448500,6.369022865748670,0.1891,4.339,6284.266,
4.212381207110570,0.18732871357581100,6.373563059713590,0.1886,4.339,6290.953,
4.212528502475440,0.18688053669831400,6.382243418271320,0.1886,4.339,6297.641,
4.212650654075280,0.18927016390650100,6.402208819816200,0.1886,4.339,6304.313,
4.212697860787480,0.18728337070981200,6.402514131848700,0.1886,4.339,6311.031,
4.212754625539560,0.18854884903608200,6.411256141875110,0.1886,4.339,6317.719,
4.212788466164750,0.1871252150706310,6.421827973316650,0.1886,4.339,6324.406,
4.212819681451260,0.1877383342823350,6.4230897746169500,0.188,4.339,6331.094,
4.212896202701160,0.18749862690813800,6.398382924408770,0.188,4.339,6337.781,
4.212921255570830,0.1867718256904860,6.292066007591810,0.188,4.339,6344.5,
4.213182778325410,0.18740443290493300,6.14794912859868,0.1875,4.339,6351.188,
4.213126554886000,0.18690154926377000,5.97856599515349,0.1875,4.339,6357.875,
4.213291250227230,0.1866939901709860,5.859828290542820,0.1875,4.339,6364.563,
4.213411323657500,0.18821427565164500,5.788613316601540,0.1869,4.339,6371.25,
4.213468173348910,0.18725897677517600,5.70313003237878,0.1869,4.339,6377.953,
4.213571149603960,0.1866137127254000,5.655116582272650,0.1869,4.339,6384.641,
4.211120828236840,0.1687110885116670,5.579736723529420,0.1689,4.326,6391.328,
4.210851913372090,0.16909583824259100,5.527053360282110,0.1689,4.326,6398.016,
4.210770652672220,0.1676596783759550,5.432372379633470,0.1689,4.326,6404.703,
4.211092444852090,0.1704326881183120,5.382840653568720,0.1689,4.326,6411.422,
4.210857861230120,0.16946119436407100,5.339268468892160,0.1689,4.326,6418.109,
4.210885078593260,0.16860521255643600,5.303499994936030,0.1689,4.326,6424.781,
4.210921122447920,0.16747917230071400,5.20368732536545,0.1689,4.326,6431.469,
4.211042941161690,0.16779565629684500,5.13593126561417,0.1689,4.326,6438.188,
4.211064672522950,0.1675487149341030,5.091754913435840,0.1684,4.326,6444.875,
4.211256855264230,0.1674732726024670,5.026397074897320,0.1684,4.326,6451.625,
4.211315816057270,0.16710144850597800,4.958293592109990,0.1684,4.326,6458.422,
4.2112773006261800,0.16776535125968600,4.932157176514700,0.1678,4.326,6465.094,
4.211447972109850,0.1668199051657030,4.8668896418410100,0.1678,4.326,6471.766,
4.211630696740590,0.16684364080685000,4.8031729119679600,0.1678,4.326,6478.438,
4.211637150991240,0.1671781861962510,4.7314293497790800,0.1673,4.326,6485.109,
4.211813092130550,0.16689518509848200,4.704571300569610,0.1673,4.326,6491.828,
4.212000599916350,0.16664014679755700,4.669869831595190,0.1673,4.326,6498.5,
4.212115204457250,0.16692508117841700,4.633546823563950,0.1667,4.326,6505.188,
4.211961172505340,0.16521190203477600,4.612576966828790,0.1667,4.326,6511.859,
4.21230923804844,0.16448347639723700,4.513565613707050,0.1667,4.326,6518.547,
4.212494241449000,0.1648913434006360,4.49481502380222,0.1662,4.326,6525.25,
4.212418514230700,0.16355860360100100,4.550105518270530,0.1662,4.326,6531.922,
4.212593277283770,0.16618175876995900,4.626241767204160,0.1662,4.326,6538.609,
4.212634243017620,0.1663735578750770,4.69930087068739,0.1657,4.326,6545.297,
4.212803045706510,0.16429603374305500,4.732612708004920,0.1657,4.326,6551.984,
4.212988865452650,0.16648231195189800,4.737048123874120,0.1657,4.326,6558.719,
4.2130372898746800,0.16408584516778200,4.774940649446260,0.1651,4.326,6565.406,
4.2130268591100900,0.16449210063236500,4.812623299477010,0.1651,4.326,6572.094,
4.213222979310570,0.16373256055681800,4.851175598949920,0.1651,4.326,6578.781,
4.213178407098650,0.16319654777694800,4.892264106691230,0.1646,4.326,6585.469,
4.213338214959290,0.16431939132172200,4.912394286416010,0.1646,4.326,6592.172,
4.213523008710490,0.16406808214104900,4.9175194260861000,0.1646,4.326,6598.859,
4.213496483633630,0.1635706716830490,4.93487350785047,0.164,4.326,6605.547,
4.213546405348060,0.1628903503651720,4.963275031011610,0.164,4.326,6612.266,
4.213734829276070,0.16371478505927700,4.9718266304462200,0.164,4.326,6619.063,
4.21105767000956,0.1464111188114120,4.972901550117310,0.1471,4.314,6625.859,
4.210888968349340,0.14630335368382200,4.982721511424820,0.1471,4.314,6632.563,
4.210789052285100,0.14676308628552700,5.0063356163452600,0.1477,4.314,6639.313,
4.210754758097900,0.14695437710308900,5.009651428225400,0.1477,4.314,6646.0,
4.21076736834864,0.14808316316704400,5.0022702674030400,0.1477,4.314,6652.656,
4.210767126715710,0.14769519567451900,5.010620735874780,0.1477,4.314,6659.328,
4.210880991147410,0.14950641460106100,5.028266211098560,0.1477,4.314,6666.016,
4.210656370348540,0.14777531949883100,5.052758785451040,0.1477,4.314,6672.719,
4.210762026030490,0.14757767733063500,5.055590784529920,0.1477,4.314,6679.406,
4.2107040923569200,0.14659924160870600,5.047695892089400,0.1477,4.314,6686.078,
4.210828586914080,0.1474065656215380,5.069625830474070,0.1477,4.314,6692.766,
4.210763176161110,0.14618200486323000,5.089607054161690,0.1471,4.314,6699.469,
4.210753918802060,0.14633715393129600,5.106161596704430,0.1477,4.314,6706.141,
4.2108627200499100,0.1462886732809040,5.10992577937538,0.1471,4.314,6712.984,
4.210787935060290,0.1470715507435940,5.089233071154040,0.1471,4.314,6719.734,
4.21081749950132,0.1465417894383510,5.109970531541440,0.1471,4.314,6726.516,
4.2108693327578300,0.14643740881606800,5.117638040854580,0.1471,4.314,6733.25,
4.210961726711790,0.14800516949447500,5.131144263454280,0.1471,4.314,6739.984,
4.210887323709340,0.14653945816533400,5.137995552385130,0.1471,4.314,6746.688,
4.210969938296760,0.14641405166606300,5.1516399285152800,0.1471,4.314,6753.422,
4.211164877447540,0.14598934657696500,5.163730234055590,0.1471,4.314,6760.266,
4.211101664302330,0.14606383153067600,5.162447316039460,0.1471,4.314,6767.047,
4.211082626820260,0.14709021735854800,5.184454915769460,0.1466,4.314,6773.875,
4.211154348054950,0.14588411350424700,5.2057731894842600,0.1471,4.314,6780.641,
4.211205844549000,0.14555776286964200,5.201497024301740,0.1466,4.314,6787.375,
4.211163906765190,0.14751367339995900,5.2084613459956400,0.1466,4.314,6794.078,
4.211224095574130,0.14545602922276100,5.217159297567210,0.1466,4.314,6800.781,
4.211331822013530,0.14570803279011600,5.224981116153920,0.146,4.314,6807.5,
4.211392506282730,0.1456611442684870,5.230652339732300,0.1466,4.314,6814.203,
4.211420134392020,0.14648064615651500,5.229533592082510,0.146,4.314,6820.906,
4.211356983495500,0.1460072566406000,5.246019692658740,0.146,4.314,6827.594,
4.211522552551200,0.14681637445456800,5.255798965338540,0.146,4.314,6834.297,
4.211513237801350,0.1465723481671380,5.2811177770673900,0.146,4.314,6841.078,
4.211701784015930,0.14589863894486500,5.30378288732225,0.146,4.314,6847.891,
4.211724835554050,0.1455536374373470,5.3069675299323500,0.146,4.314,6854.672,
4.211546177962780,0.14513227580574700,5.318223286535370,0.146,4.314,6861.422,
4.211726861455910,0.14547408730967700,5.315001580726440,0.1455,4.314,6868.234,
4.211844098128320,0.14431349868680200,5.34323306647366,0.146,4.314,6874.938,
4.211779714265100,0.14389525224475100,5.358002336751290,0.1455,4.314,6881.734,
4.211739867004480,0.1432551194576230,5.355921710636000,0.1455,4.314,6888.453,
4.211870061948710,0.1449396098299790,5.3768533954393400,0.1455,4.314,6895.219,
4.211862704876280,0.14520514367459000,5.371339275858970,0.1455,4.314,6901.969,
4.211944752306120,0.14418168440719000,5.384702922519670,0.1455,4.314,6908.719,
4.212053728099100,0.14337662828901500,5.3981797131849400,0.1455,4.314,6915.469,
4.211999197438710,0.14463674044460600,5.406656663588710,0.1449,4.314,6922.219,
4.212175299466850,0.14378824420355200,5.4238895885049700,0.1449,4.314,6928.953,
4.212099334048220,0.14496238930550600,5.422061688473860,0.1449,4.314,6935.703,
4.212248033477850,0.14447288393718600,5.427475462690050,0.1449,4.314,6942.453,
4.212262148186710,0.1450974433966050,5.442658262023300,0.1449,4.314,6949.203,
4.212351168493310,0.1443114350966660,5.467502685423060,0.1444,4.314,6955.938,
4.212219082697900,0.14414058806301400,5.467661751692390,0.1449,4.314,6962.688,
4.212361093578350,0.14367163839403200,5.465053318770070,0.1444,4.314,6969.438,
4.212503130677540,0.14424772459523200,5.482631949079300,0.1444,4.314,6976.188,
4.212479279632290,0.14424001609153500,5.506528717052270,0.1444,4.314,6982.922,
4.212503820814150,0.14296036067003900,5.518897343752430,0.1444,4.314,6989.656,
4.212572354489010,0.1444511453203990,5.534694668915640,0.1444,4.314,6996.406,
4.212619873299490,0.14288695817522000,5.534655119786370,0.1444,4.314,7003.156,
4.212566683057480,0.1440447794046870,5.55557771880533,0.1439,4.314,7009.891,
4.212839207072330,0.1430249415585460,5.561652344030000,0.1439,4.314,7016.641,
4.212683745757190,0.14347071667792400,5.567304870282210,0.1439,4.314,7023.359,
4.212721225098180,0.1427400417155990,5.574010362425660,0.1433,4.314,7030.109,
4.212844556516730,0.14202183473768600,5.586688928011430,0.1439,4.314,7036.844,
4.212792029476550,0.14262706075945300,5.607196383626680,0.1439,4.314,7043.578,
4.212911089998660,0.14329518630986700,5.621805791849610,0.1439,4.314,7050.313,
4.212924567061340,0.1408603207055330,5.6361896462881200,0.1433,4.314,7057.063,
4.2130581847702500,0.145793330835951,5.633411745032620,0.1433,4.314,7063.813,
4.213168903244990,0.1431762824060870,5.656141640201200,0.1433,4.314,7070.547,
4.2133552561155000,0.14307708329966500,5.654060710055300,0.1433,4.314,7077.297,
4.213130526520540,0.142541597970187,5.6622505761308,0.1433,4.314,7084.047,
4.213228682927600,0.14295296644829200,5.684327807673970,0.1433,4.314,7090.781,
4.213277243307680,0.14284802047268100,5.686080596242160,0.1433,4.314,7097.531,
4.213398942661730,0.1437320424697680,5.687729505590030,0.1428,4.314,7104.281,
4.2134672389470500,0.14388230284566900,5.691252819980380,0.1428,4.314,7111.031,
4.213368063934350,0.1427442048275910,5.710773881351320,0.1428,4.314,7117.766,
4.213406091202110,0.14261433144255300,5.727150466154910,0.1428,4.314,7124.516,
4.213573954710690,0.1412082929879920,5.723164588014350,0.1428,4.314,7131.25,
4.210850564644270,0.12460721107674900,5.7270253021027400,0.1253,4.301,7137.984,
4.210766312071370,0.1258526484284940,5.731341593652150,0.1259,4.301,7144.719,
4.210584721221960,0.12511973653743500,5.736857488339410,0.1259,4.301,7151.469,
4.210522313413240,0.12679384741749400,5.751639629163720,0.1259,4.301,7158.203,
4.210446486616740,0.12622519173811100,5.762620939740530,0.1264,4.301,7164.953,
4.210471633663110,0.12524147392101200,5.775841116306590,0.1264,4.301,7171.672,
4.210506872820420,0.12655166797594100,5.796677647226830,0.1264,4.301,7178.406,
4.210432753515660,0.12628445329625900,5.793569608152170,0.1264,4.301,7185.172,
4.210386816372260,0.1265297254511040,5.803854032424410,0.1264,4.301,7191.906,
4.210242244122330,0.1247865563821260,5.823841835284480,0.1264,4.301,7198.641,
4.2103025591766400,0.12461109133955900,5.822783613432370,0.1264,4.301,7205.359,
4.21034405294038,0.12507576692377700,5.842636624272830,0.1264,4.301,7212.094,
4.210300855412790,0.12538065895085800,5.857124399991560,0.1264,4.301,7218.844,
4.210279435176520,0.12568757190039400,5.865632285296730,0.1264,4.301,7225.563,
4.210123413658010,0.12526243368084200,5.871935067553930,0.1264,4.301,7232.297,
4.210349964854820,0.12665843758750800,5.857003226696540,0.1264,4.301,7239.031,
4.210345969050550,0.12612661489344000,5.886667675517500,0.1264,4.301,7245.781,
4.210513206182360,0.12565948488056600,5.896191137229030,0.1264,4.301,7252.516,
4.210314001530370,0.12618464895499400,5.896108142525080,0.1264,4.301,7259.25,
4.210299879001460,0.12606022605824000,5.902734852889270,0.1259,4.301,7265.984,
4.210508575299720,0.12488597658656500,5.907301406531260,0.1264,4.301,7272.719,
4.210499980269350,0.12556489792869900,5.916338001165490,0.1259,4.301,7279.438,
4.210461775323090,0.12481278541134700,5.917646310089290,0.1259,4.301,7286.188,
4.21036554858138,0.12628792895015100,5.9333406903281000,0.1259,4.301,7292.922,
4.21050830626403,0.12359787964733200,5.943078327923500,0.1264,4.301,7299.656,
4.210558949572130,0.12640994263311500,5.942674347013020,0.1259,4.301,7306.375,
4.210530626703320,0.12424572801631100,5.949903053050240,0.1259,4.301,7313.141,
4.2106161964706600,0.12509953280049600,5.9593109871561,0.1259,4.301,7319.891,
4.210478716482020,0.1252251578758080,5.9728942509963500,0.1259,4.301,7326.625,
4.210744742246010,0.12567842250813900,5.99439247267525,0.1259,4.301,7333.375,
4.210700654741910,0.12482662930308200,5.993359836178800,0.1259,4.301,7340.109,
4.2105356372421200,0.12527396932387000,6.015510618629240,0.1259,4.301,7346.859,
4.210825131258300,0.12419527381972500,6.0240138721858100,0.1259,4.301,7353.578,
4.210712528655350,0.12412014073385000,6.03549387452438,0.1259,4.301,7360.313,
4.21085831424628,0.12559535918914200,6.0409628925733800,0.1259,4.301,7367.047,
4.2107569041900500,0.12333071256978900,6.047046603615550,0.1253,4.301,7373.781,
4.210928412496800,0.12459963087895500,6.056099234826530,0.1253,4.301,7380.516,
4.210965192292910,0.12405235478510900,6.071373094162010,0.1253,4.301,7387.25,
4.210775858876160,0.12569901805697500,6.08853219321925,0.1253,4.301,7393.969,
4.210986720132830,0.12399934953325400,6.100392309729280,0.1253,4.301,7400.703,
4.210996614434750,0.12535489548567900,6.112693607025160,0.1253,4.301,7407.438,
4.21104247914908,0.12568833888906200,6.1072667493097,0.1248,4.301,7414.172,
4.211034565186820,0.12277054991579700,6.122632515305620,0.1248,4.301,7420.906,
4.210974360674540,0.12400313416472700,6.133220594315020,0.1248,4.301,7427.625,
4.211135930696340,0.1250795574946410,6.129615491897980,0.1248,4.301,7434.359,
4.2110318911405400,0.12352545897424100,6.1491324848482100,0.1248,4.301,7441.125,
4.21115824924874,0.12296290893791300,6.15294738990533,0.1248,4.301,7447.844,
4.2113599251975600,0.12555326428047600,6.161407297506010,0.1248,4.301,7454.578,
4.211185747413160,0.12394476749080000,6.170605187089170,0.1248,4.301,7461.313,
4.211384113172800,0.12458110200743700,6.183878162012220,0.1248,4.301,7468.047,
4.211312229345890,0.12351433460928500,6.191183556278680,0.1248,4.301,7474.797,
4.211355935120400,0.12327925446262300,6.2010429134998600,0.1248,4.301,7481.516,
4.211406760331270,0.1242173135620590,6.211072286316800,0.1242,4.301,7488.25,
4.2113491121785400,0.12351122792804700,6.211047973021370,0.1242,4.301,7494.984,
4.211460636052290,0.12465292360153900,6.223952220104010,0.1242,4.301,7501.75,
4.211503210062400,0.1245660861945030,6.244874960299690,0.1242,4.301,7508.469,
4.211431752914750,0.12446363952656300,6.250876944120120,0.1242,4.301,7515.203,
4.211453916211710,0.12352025703898800,6.2562141754117500,0.1242,4.301,7521.938,
4.211543884688490,0.12065455025083000,6.273798155092470,0.1242,4.301,7528.656,
4.211656197939730,0.1223453254243480,6.287942262086260,0.1242,4.301,7535.391,
4.211544687118800,0.12392093368725800,6.292778773186740,0.1242,4.301,7542.125,
4.21169593600185,0.12301527792936500,6.288378462277230,0.1237,4.301,7548.859,
4.211754657159120,0.12274354523213400,6.301711387024140,0.1242,4.301,7555.578,
4.211713295767100,0.12228944029340900,6.309059760172140,0.1237,4.301,7562.313,
4.2118377221894700,0.12508323644112500,6.315193264085280,0.1237,4.301,7569.047,
4.211933221568690,0.12293783705699700,6.295509154551640,0.1237,4.301,7575.781,
4.211863165333380,0.12209406049563300,6.187131440484290,0.1237,4.301,7582.516,
4.211798258295310,0.12254176451245200,6.054545521418660,0.1237,4.301,7589.25,
4.2120281449446300,0.12258874805265500,5.898130886655310,0.1231,4.301,7595.984,
4.212009218077520,0.12059708711560200,5.735619587612660,0.1231,4.301,7602.703,
4.212192607066930,0.12370313052135700,5.651557768566170,0.1231,4.301,7609.438,
4.212276867516980,0.1232685908269050,5.585108516466040,0.1226,4.301,7616.188,
4.212313358004440,0.12165801207709500,5.529979987762170,0.1226,4.301,7622.906,
4.212229649649970,0.12095690521526300,5.462662710141450,0.1226,4.301,7629.672,
4.2125650560244200,0.12243748739236900,5.399085307936530,0.1226,4.301,7636.406,
4.2125473855450100,0.1217492416232340,5.337531579254840,0.1226,4.301,7643.141,
4.212731360990430,0.12272112924174700,5.301397082004710,0.1226,4.301,7649.875,
4.212620140788620,0.12156745227011200,5.265639658985420,0.1221,4.301,7656.609,
4.212810214944160,0.12205641451641400,5.209965755231130,0.1221,4.301,7663.328,
4.212756182370430,0.11989791130354900,5.117333103769140,0.1215,4.301,7670.078,
4.2129871096275100,0.12287910542473700,5.074260122531550,0.1215,4.301,7676.797,
4.213090397220270,0.12181026251643400,5.009883982180540,0.1215,4.301,7683.531,
4.213342776769050,0.12224272221261000,4.970279777263580,0.1215,4.301,7690.266,
4.213247896926810,0.12151655857595200,4.916093608334400,0.121,4.301,7697.016,
4.213210706974390,0.11969971184228800,4.874536605675680,0.121,4.301,7703.75,
4.213494383172180,0.11974196840476800,4.819061890115470,0.121,4.301,7710.484,
4.213590462504350,0.12078715267298900,4.74672810438852,0.121,4.301,7717.203,
4.210881363248140,0.10125340446740600,4.710943246027100,0.1035,4.288,7723.938,
4.210820394069650,0.10278423022956100,4.65922193040317,0.1041,4.288,7730.672,
4.210650527512380,0.10596662146114800,4.631720902913270,0.1041,4.288,7737.406,
4.210687310050690,0.10247632859023900,4.579591239164210,0.1035,4.288,7744.141,
4.210734118641650,0.10542696954813300,4.568916029664940,0.1035,4.288,7750.875,
4.210814169702320,0.10327626368121900,4.616533310388000,0.1041,4.288,7757.609,
4.210714090852550,0.10203145677929400,4.699363605955190,0.1041,4.288,7764.344,
4.210836339600200,0.1040428228326490,4.7592105690311800,0.1041,4.288,7771.063,
4.210788469455760,0.10457023197933500,4.825160598028570,0.1041,4.288,7777.797,
4.210832556888600,0.10446594168635200,4.865115392409960,0.1041,4.288,7784.516,
4.210971847167220,0.10458871762306800,4.890060527488320,0.1035,4.288,7791.25,
4.210785038004030,0.10394591417200700,4.908013120854490,0.1035,4.288,7797.984,
4.2108847974705300,0.10398687246549300,4.93457587765215,0.1041,4.288,7804.703,
4.210866985360800,0.10270437354975500,4.956752901693550,0.1035,4.288,7811.438,
4.210888644783740,0.10413640739206400,4.970617493923670,0.1035,4.288,7818.156,
4.210960429601560,0.10366970457789800,4.99893703923932,0.1035,4.288,7824.922,
4.210870467886710,0.10300308935767600,5.011006541086510,0.1035,4.288,7831.641,
4.21083283853048,0.10320130265065800,5.020536315675950,0.1035,4.288,7838.375,
4.210925163769410,0.10193719101564100,5.025343925659100,0.1035,4.288,7845.094,
4.210934952957510,0.10234011351409600,5.02196348271643,0.1035,4.288,7851.828,
4.211015588522960,0.10352522663667400,5.022590443362200,0.103,4.288,7858.547,
4.210788669356130,0.10316579930611500,5.040662109475270,0.1035,4.288,7865.297,
4.211058678668590,0.10161320409445500,5.050444526133800,0.1035,4.288,7872.016,
4.211088862838880,0.10207367899207500,5.069088291032450,0.103,4.288,7878.75,
4.211066043646660,0.10086608190090600,5.073464493942690,0.103,4.288,7885.484,
4.211088155980090,0.10254383230739000,5.085881515345080,0.103,4.288,7892.219,
4.211148330278160,0.10190674532902000,5.096781446774540,0.103,4.288,7898.953,
4.211387197833910,0.10303452128790100,5.117882671478000,0.103,4.288,7905.672,
4.211037624790860,0.10107443389449900,5.119728313806960,0.103,4.288,7912.406,
4.211188744671250,0.10164783928131900,5.1408593929901300,0.103,4.288,7919.141,
4.211260087254330,0.10320921997415400,5.140983585816240,0.103,4.288,7925.875,
4.211353777753860,0.10143686040920200,5.151752420364930,0.103,4.288,7932.594,
4.211221062497010,0.10236310444119300,5.137261214775010,0.1024,4.288,7939.328,
4.2113881192763400,0.10380649055931200,5.133125005803140,0.1024,4.288,7946.063,
4.211582920798120,0.10173609926799700,5.146228162231320,0.1024,4.288,7952.813,
4.211189719817900,0.10319287373747400,5.167058173319350,0.1024,4.288,7959.547,
4.211509432203350,0.10263322960499000,5.179680646601520,0.1024,4.288,7966.266,
4.211334032788460,0.10109614755604800,5.1913934101014200,0.1024,4.288,7973.016,
4.211473972409600,0.10139028606035300,5.206633652271060,0.1024,4.288,7979.734,
4.21155464823539,0.1019345934849030,5.2078327908960300,0.1019,4.288,7986.469,
4.211639714350460,0.10199294510359000,5.213898508966470,0.1024,4.288,7993.203,
4.211556735531480,0.1019531649101680,5.218552833480700,0.1024,4.288,7999.922,
4.211640182054930,0.10098220768164200,5.231826874995250,0.1024,4.288,8006.656,
4.211643775990330,0.10322986048480100,5.249775767636000,0.1019,4.288,8013.391,
4.211708916181200,0.1013881101817000,5.258605525210070,0.1019,4.288,8020.125,
4.211718113701700,0.10116668247165800,5.262363972050120,0.1019,4.288,8026.859,
4.211727764623270,0.10130838427866000,5.268685377409150,0.1019,4.288,8033.578,
4.211775672267530,0.10175406846431000,5.280087485843480,0.1019,4.288,8040.313,
4.211849017017870,0.10168439848596600,5.296220935966090,0.1019,4.288,8047.031,
4.211871010278770,0.1022544774353040,5.3022882501709300,0.1019,4.288,8053.797,
4.211804482823790,0.10156601342448200,5.319798334350720,0.1019,4.288,8060.531,
4.212001021365890,0.10047956587134800,5.337581404158380,0.1013,4.288,8067.266,
4.212078252206310,0.10061401375198800,5.338840568345820,0.1019,4.288,8073.984,
4.211879061017690,0.10054328447786500,5.3460598602396300,0.1019,4.288,8080.719,
4.211850937133590,0.10056348110182900,5.338819242944780,0.1013,4.288,8087.453,
4.212152523105980,0.10057387853145000,5.358208398562300,0.1013,4.288,8094.188,
4.2120063107446900,0.10057775486067500,5.364432820258140,0.1013,4.288,8100.906,
4.212223157020870,0.10030520792359600,5.379069652722870,0.1013,4.288,8107.641,
4.212222997982640,0.10000080010714600,5.385588949285620,0.1013,4.288,8114.359,
4.212191280161310,0.09890669370907650,5.399778299924000,0.1013,4.288,8121.109,
4.212416307213280,0.1007053204794320,5.401558659013920,0.1008,4.288,8127.844,
4.2123299066319800,0.09977198454798490,5.41804248653199,0.1008,4.288,8134.578,
4.212216915416960,0.10094776742985500,5.433046873749850,0.1008,4.288,8141.313,
4.212413849316740,0.10082543728823500,5.4405508981966,0.1008,4.288,8148.047,
4.212529588923910,0.09911068578467710,5.436500629346680,0.1008,4.288,8154.766,
4.212538085276540,0.0992443649158116,5.462475288230360,0.1008,4.288,8161.516,
4.2123525946731900,0.09808301409683610,5.468237495149800,0.1008,4.288,8168.25,
4.212567104375330,0.10167181758711500,5.479204368027620,0.1008,4.288,8174.969,
4.212569345697420,0.09993303773260720,5.500167931102110,0.1008,4.288,8181.734,
4.212641333476890,0.09926921924649710,5.495637537247170,0.1008,4.288,8188.469,
4.212669282306000,0.10097143920212100,5.511417265045730,0.1008,4.288,8195.203,
4.212539337350310,0.09938885298069830,5.518516959401940,0.1002,4.288,8201.938,
4.212559258159280,0.09963191883157100,5.530804352052720,0.1002,4.288,8208.672,
4.2127633200728,0.10027814350640200,5.531462949365460,0.1002,4.288,8215.406,
4.212677777579790,0.09988541383776450,5.5508106488567900,0.1002,4.288,8222.141,
4.212700055475350,0.10088938504441900,5.556408129532690,0.1002,4.288,8228.859,
4.212780243924180,0.10099723893861600,5.569435293598300,0.1002,4.288,8235.594,
4.212901319466290,0.1015995621391330,5.570590044792170,0.0997,4.288,8242.328,
4.212899416448210,0.09938734866465330,5.562866107676650,0.1002,4.288,8249.063,
4.212861922733340,0.09843888445825860,5.583317725946350,0.1002,4.288,8255.781,
4.212803627761000,0.09853001641006620,5.615972336307490,0.1002,4.288,8262.516,
4.2129695258911700,0.0999707093379161,5.62430319052373,0.0997,4.288,8269.25,
4.212950626985280,0.09876647753697710,5.635812724755210,0.0997,4.288,8275.984,
4.212903496291260,0.10137096947003100,5.644015980459980,0.0997,4.288,8282.703,
4.213059403277610,0.1002145782287540,5.656864364225340,0.0997,4.288,8289.422,
4.213009150635090,0.09876404981060860,5.671769261441170,0.0997,4.288,8296.156,
4.213369119172690,0.09968484560321000,5.668577165117610,0.0997,4.288,8302.875,
4.213143278170440,0.09907348249591910,5.666374418657080,0.0992,4.288,8309.641,
4.213302066593860,0.09844815232459840,5.6656021507506900,0.0997,4.288,8316.359,
4.213005778788490,0.09735428498666840,5.686011863479220,0.0992,4.288,8323.094,
4.213247334007570,0.09793110166749620,5.687934384955850,0.0997,4.288,8329.797,
4.213289011351320,0.10169267134504500,5.707865014957260,0.0992,4.288,8336.531,
4.213397500941230,0.09823577120173210,5.7043820136547300,0.0992,4.288,8343.266,
4.213155961092250,0.09967005934801690,5.718176870003050,0.0992,4.288,8350.0,
4.213364982528040,0.10045281573544100,5.756664233958390,0.0992,4.288,8356.734,
4.213515172842740,0.09906677280432280,5.7519748750339500,0.0992,4.288,8363.469,
4.213300080361320,0.09876738654965050,5.7510858359272900,0.0992,4.288,8370.203,
4.21337121782046,0.09880651056463380,5.760966258445400,0.0986,4.288,8376.938,
4.213521387339700,0.09806479158964910,5.760594787382350,0.0992,4.288,8383.656,
4.213314507678110,0.10166435602146300,5.764544918747630,0.0986,4.288,8390.391,
4.2136789178176200,0.09909159807899980,5.791478050036460,0.0992,4.288,8397.125,
4.210684200315530,0.08105366880789750,5.809211282964570,0.0806,4.276,8403.844,
4.210399233895730,0.07801365642373850,5.818786612182790,0.0812,4.276,8410.578,
4.210324416314330,0.08017239739078580,5.831932266117510,0.0817,4.276,8417.313,
4.210185204110670,0.08442150612561170,5.8321927223943,0.0817,4.276,8424.047,
4.210086107610460,0.08393452355503470,5.837449550108430,0.0817,4.276,8430.781,
4.210316243526560,0.07807598811275970,5.836941529499770,0.0817,4.276,8437.5,
4.210011519877690,0.08344691490414630,5.850081425309230,0.0817,4.276,8444.234,
4.20992665620977,0.08052519343505950,5.8538878146832800,0.0823,4.276,8450.969,
4.210076261845190,0.0804054193956441,5.869606251958670,0.0823,4.276,8457.688,
4.21012257501802,0.07940609614997130,5.881670522564570,0.0823,4.276,8464.406,
4.209933915504080,0.08231331116067690,5.885484886561800,0.0823,4.276,8471.141,
4.209971610258040,0.08179924230488810,5.8875648105617000,0.0823,4.276,8477.875,
4.209842641276280,0.08208379154526390,5.898178507093310,0.0823,4.276,8484.594,
4.209895404204670,0.082839411746797,5.905828313987450,0.0823,4.276,8491.328,
4.21001199592495,0.08221890083824410,5.915160665664620,0.0823,4.276,8498.063,
4.209891709740940,0.0828163922408001,5.916553712186340,0.0823,4.276,8504.828,
4.209829758226640,0.08255580824670820,5.929053980485450,0.0823,4.276,8511.547,
4.21001779412389,0.08104226347906300,5.941926216903310,0.0823,4.276,8518.297,
4.2099227843505900,0.08195111644569690,5.9599480422534,0.0823,4.276,8525.031,
4.209846570554300,0.08106456186873460,5.961451037460160,0.0823,4.276,8531.75,
4.2097098291708300,0.08457844740722710,5.967727451449410,0.0823,4.276,8538.484,
4.209945337911610,0.07921851907862080,5.985358952348440,0.0823,4.276,8545.234,
4.209925351786060,0.0814425827874194,5.990143354251940,0.0823,4.276,8551.953,
4.209870745466880,0.08164957338303580,5.9949187677826,0.0823,4.276,8558.688,
4.209819365119150,0.08211706600225580,6.010846440778090,0.0823,4.276,8565.422,
4.209891012758030,0.08014823385258070,6.02164370382486,0.0823,4.276,8572.141,
4.209846414028480,0.08052211240011830,6.028366481605500,0.0823,4.276,8578.875,
4.209992619149630,0.08227300584901290,6.053133275543870,0.0823,4.276,8585.594,
4.209932222451150,0.08001621302347730,6.060618753009650,0.0823,4.276,8592.359,
4.209975400132960,0.08095738874371700,6.076248340399470,0.0823,4.276,8599.109,
4.2096688863610500,0.0820643544491822,6.087005939390670,0.0828,4.276,8605.781,
4.209823478901680,0.08314659979706410,6.092069552843620,0.0823,4.276,8612.469,
4.209882703083080,0.08204965112746370,6.096568613774170,0.0823,4.276,8619.156,
4.209948932772090,0.08130230548488540,6.112116861409310,0.0823,4.276,8625.828,
4.209939001177090,0.08219305173741900,6.117587649078450,0.0823,4.276,8632.531,
4.210052784654580,0.08400787936492970,6.12476602059918,0.0823,4.276,8639.219,
4.209973512548760,0.07971311594622410,6.129962990356310,0.0823,4.276,8645.906,
4.209915823047360,0.08106620100932460,6.150628906456750,0.0823,4.276,8652.578,
4.209960660535970,0.08167667717735920,6.147175308309120,0.0823,4.276,8659.25,
4.2099587450006900,0.08306258588843590,6.161907850839590,0.0823,4.276,8665.938,
4.210063865231010,0.08279196650236860,6.1714399754278300,0.0817,4.276,8672.656,
4.209963663622400,0.08053283533679900,6.187832855842010,0.0823,4.276,8679.359,
4.21005836097588,0.08230763966996790,6.197344286476230,0.0823,4.276,8686.078,
4.210058935269220,0.08039814125312500,6.199380095135470,0.0823,4.276,8692.781,
4.209930486050170,0.08221484610567560,6.221528930358770,0.0823,4.276,8699.516,
4.21022988979248,0.08208576919161810,6.2261650853488000,0.0823,4.276,8706.234,
4.210116153761500,0.08118192482212780,6.225994439786180,0.0817,4.276,8712.953,
4.210078112402490,0.08163981347264350,6.245977888835430,0.0817,4.276,8719.656,
4.210394973456810,0.08177566985333090,6.251761168753030,0.0817,4.276,8726.406,
4.210101554698870,0.08078599831293620,6.254184651432550,0.0823,4.276,8733.094,
4.210066723594660,0.07523946733927180,6.265781505453460,0.0823,4.276,8739.781,
4.210141103893560,0.07980074647241580,6.279038978824940,0.0823,4.276,8746.469,
4.210103203191350,0.08073963494570730,6.281882760444320,0.0817,4.276,8753.156,
4.2104004451614300,0.0816604800461225,6.2753014019839100,0.0817,4.276,8759.859,
4.210227431904920,0.08224468475768690,6.249943055522280,0.0817,4.276,8766.547,
4.210021250242850,0.08135863568011080,6.148298030973960,0.0817,4.276,8773.234,
4.210295297929490,0.08081031752930690,5.995145843392930,0.0817,4.276,8779.906,
4.210333085049880,0.08188505230971010,5.813723553438990,0.0817,4.276,8786.906,
4.21025643736234,0.08142842414734650,5.703211810669270,0.0817,4.276,8793.609,
4.210416106848080,0.08166741079620390,5.606419088444390,0.0812,4.276,8800.297,
4.210385321576650,0.08332621585483570,5.551588750274880,0.0812,4.276,8806.969,
4.2104050986070900,0.07933160023360860,5.4889545949942000,0.0812,4.276,8813.656,
4.210378138430810,0.07964935311162390,5.410148733395570,0.0812,4.276,8820.344,
4.210693295441050,0.08219771735354840,5.379080943574550,0.0812,4.276,8827.047,
4.210698380682940,0.08008285102977880,5.323131293001860,0.0812,4.276,8833.734,
4.210617727313920,0.07901149939867920,5.2641888914077100,0.0812,4.276,8840.438,
4.210322284803080,0.08056594279543090,5.20179725863966,0.0806,4.276,8847.125,
4.21073152851911,0.07913892732423980,5.1234512714189400,0.0806,4.276,8853.844,
4.210825579705150,0.07769506145690970,5.081393525089700,0.0806,4.276,8860.531,
4.210811930235880,0.08042162607921380,5.033656271179530,0.0806,4.276,8867.203,
4.210927031221730,0.08052514484891720,4.994450462781010,0.0806,4.276,8873.891,
4.210875210673280,0.0797350828382076,4.94612628266345,0.0806,4.276,8880.625,
4.210963049203450,0.07897162643670720,4.875644895108680,0.0801,4.276,8887.297,
4.210965127162650,0.0784798550391166,4.809918008186170,0.0801,4.276,8893.984,
4.211214450886930,0.07734359769882460,4.7610818382294800,0.0801,4.276,8900.672,
4.211043105777060,0.07805032555840290,4.702233173606400,0.0801,4.276,8907.359,
4.211329320302300,0.08040063899968470,4.65066297007864,0.0795,4.276,8914.047,
4.2112060107791400,0.08005104529508790,4.6096876010082300,0.0795,4.276,8920.766,
4.211187682845450,0.08055503860364890,4.546698286300500,0.0795,4.276,8927.469,
4.211512223763560,0.07862460885805100,4.518293513836210,0.079,4.276,8934.188,
4.211513157123960,0.07878028436691940,4.4660512646597500,0.079,4.276,8940.891,
4.21154402874831,0.07896368039367690,4.45144050388326,0.0795,4.276,8947.625,
4.211739116199920,0.07943669593866980,4.50350838052337,0.079,4.276,8954.344,
4.2117799624860100,0.0747333169581629,4.606412651439610,0.079,4.276,8961.047,
4.21152993975744,0.07823161645655580,4.699067300778070,0.079,4.276,8967.766,
4.212013943755820,0.07906127193215850,4.750062206349730,0.079,4.276,8974.469,
4.211969071918180,0.07647688392463270,4.753576666388270,0.079,4.276,8981.219,
4.211997698134210,0.07716755884347980,4.794610985708710,0.0784,4.276,8987.922,
4.211985244862210,0.0787805904202619,4.840180085650270,0.0784,4.276,8994.625,
4.212026954395510,0.07572539586403460,4.852583989219150,0.0784,4.276,9001.344,
4.211972803922900,0.07861348934424820,4.8872211093780500,0.0784,4.276,9008.156,
4.2121516945937900,0.07683071162681930,4.894879288308660,0.0784,4.276,9014.859,
4.212171355388700,0.07593066209022610,4.910947932291010,0.0784,4.276,9021.563,
4.212274763873840,0.07932340306055970,4.9319705050176400,0.0779,4.276,9028.281,
4.212254910508230,0.07660514288643650,4.931004315335880,0.0779,4.276,9035.0,
4.212236202404940,0.07522745731586860,4.948417609099430,0.0779,4.276,9041.734,
4.212233248796520,0.0772406116530128,4.963521383838090,0.0779,4.276,9048.438,
4.212361962798140,0.07755669922789880,4.991812831583260,0.0779,4.276,9055.156,
4.212353760603360,0.07595018145668920,4.998146935738080,0.0779,4.276,9061.875,
4.212442287259220,0.07636377099289150,5.010467354672060,0.0779,4.276,9068.578,
4.212441742277520,0.07469841051973930,5.015319163652110,0.0779,4.276,9075.266,
4.212514853643900,0.07775259876141570,5.028193595371190,0.0779,4.276,9081.984,
4.212536152240870,0.07660203103571940,5.030566772087110,0.0779,4.276,9088.672,
4.212606490754520,0.0768044062361514,5.047390285891690,0.0779,4.276,9095.375,
4.212613975151130,0.07626631786755100,5.063277735984970,0.0774,4.276,9102.078,
4.212543510727450,0.07605478435777840,5.049924422145190,0.0774,4.276,9108.797,
4.212621161333130,0.07530966904246880,5.057841371613920,0.0774,4.276,9115.484,
4.21271133005359,0.07542243621186280,5.061722878916550,0.0774,4.276,9122.188,
4.212670672434640,0.07676039523572440,5.084452854182900,0.0774,4.276,9128.875,
4.212725135886190,0.07741710274531560,5.089616937770120,0.0774,4.276,9135.594,
4.212747449017300,0.07725968428933890,5.093269224518970,0.0774,4.276,9142.313,
4.212795048556460,0.07719375580629790,5.091585730377910,0.0768,4.276,9149.063,
4.21285193662025,0.07594482216022290,5.10484426493328,0.0774,4.276,9155.75,
4.212964766037590,0.07637175133357590,5.114028585570790,0.0774,4.276,9162.438,
4.213032426564340,0.07633506422457820,5.137036794323910,0.0774,4.276,9169.156,
4.213024174911720,0.07677779117576100,5.132202626171470,0.0768,4.276,9175.844,
4.212932265296360,0.07687545611475920,5.158969594010720,0.0768,4.276,9182.547,
4.2129796800221700,0.07370048535284910,5.1668443323760300,0.0768,4.276,9189.234,
4.213077717859630,0.07691347268025390,5.150587349391570,0.0768,4.276,9195.938,
4.213060774409930,0.07699614668542610,5.163188515871620,0.0768,4.276,9202.641,
4.213205792352190,0.0761695346621015,5.16868438406928,0.0763,4.276,9209.344,
4.21308395282739,0.07626098117994380,5.182750365621200,0.0768,4.276,9216.031,
4.213071489826250,0.07654087283508050,5.196910436405100,0.0768,4.276,9222.734,
4.213153464699020,0.07436930128442570,5.2075124620175700,0.0768,4.276,9229.422,
4.213116800008430,0.07562624015934540,5.227525337312690,0.0768,4.276,9236.141,
4.213251649509520,0.07665638098244430,5.2440047292011200,0.0763,4.276,9242.828,
4.213226514863840,0.07522839258138790,5.27051217318136,0.0763,4.276,9249.516,
4.213289599498080,0.0772022162045441,5.261137184590440,0.0763,4.276,9256.203,
4.213256287621870,0.07537273933402470,5.264545628147050,0.0763,4.276,9262.906,
4.213332948885670,0.07509916780673120,5.269595350169050,0.0763,4.276,9269.625,
4.2133714630643900,0.07357776709829840,5.2816567468450600,0.0763,4.276,9276.313,
4.213507588252890,0.07429470933924050,5.299481894426100,0.0763,4.276,9283.016,
4.213529778951140,0.0763633387793162,5.313644587716790,0.0763,4.276,9289.703,
4.213579933231280,0.0745574089750651,5.318968883641210,0.0763,4.276,9296.422,
4.213648692529920,0.0752486397365,5.318866126856020,0.0763,4.276,9303.125,
4.213437380419220,0.07335060257299450,5.327946986968330,0.0757,4.276,9309.813,
4.2133754105438,0.07461262650309710,5.340924488955480,0.0757,4.276,9316.484,
4.213537489116320,0.07715564465225160,5.34895676329825,0.0757,4.276,9323.203,
4.213514423902140,0.07370282129345930,5.359895023075390,0.0757,4.276,9329.953,
4.213641666635140,0.07602082677678710,5.367671773092010,0.0757,4.276,9336.672,
4.213762487276570,0.07613491804508500,5.389285881543380,0.0757,4.276,9343.391,
4.21358937049016,0.0762519628300237,5.396813910597870,0.0757,4.276,9350.109,
4.213699751977750,0.07277540362822840,5.395654682510260,0.0757,4.276,9356.828,
4.213577863672950,0.07528845939654310,5.411426471149120,0.0757,4.276,9363.578,
4.213622607029190,0.07431633905993200,5.4237486810212000,0.0752,4.276,9370.297,
4.2136242794207700,0.07208245768612250,5.427001878031810,0.0757,4.276,9377.016,
4.2139487367295500,0.0760173580315988,5.436703474923230,0.0757,4.276,9383.734,
4.213763833593000,0.07436338258636340,5.449114431934160,0.0752,4.276,9390.453,
4.213873503961020,0.07536946426643050,5.456529971287520,0.0757,4.276,9397.203,
4.213870105899590,0.07706407966404420,5.481533378685290,0.0752,4.276,9403.922,
4.213913128927820,0.0753239805263104,5.491515986366200,0.0752,4.276,9410.641,
4.213932357639640,0.07816708893389950,5.48661568237603,0.0752,4.276,9417.359,
4.21395603410215,0.07657453366993010,5.507299359045670,0.0752,4.276,9424.141,
4.213900100647210,0.07445167421322410,5.52007662446495,0.0752,4.276,9430.828,
4.213871845586190,0.07535570107924870,5.520264876461330,0.0752,4.276,9437.531,
4.214055179370930,0.07463828521147110,5.524837315182160,0.0752,4.276,9444.219,
4.213944622779570,0.07436220244542370,5.529820704129670,0.0752,4.276,9450.922,
4.214030277505360,0.07465596677222910,5.543043952212610,0.0752,4.276,9457.609,
4.214163770709250,0.07434147432064770,5.537457369124230,0.0746,4.276,9464.328,
4.214121311419010,0.07399614212305540,5.5523536815483600,0.0746,4.276,9471.047,
4.214259982322880,0.07558850343384900,5.566470893648800,0.0752,4.276,9477.781,
4.214139748101040,0.07353026754829700,5.594556284904100,0.0746,4.276,9484.5,
4.2142244006280500,0.07551615924807750,5.598612174730390,0.0746,4.276,9491.234,
4.214252082953690,0.07344048902860240,5.619042699553970,0.0746,4.276,9497.953,
4.214149292848110,0.07602014864857810,5.623754209045340,0.0746,4.276,9504.672,
4.214137055184830,0.0735657052268325,5.624548219209340,0.0746,4.276,9511.391,
4.214431277868550,0.07288458307089200,5.639452443779570,0.0746,4.276,9518.125,
4.214305958444890,0.07317221557200690,5.643724030519740,0.0746,4.276,9524.891,
4.214284335393380,0.07655771859540110,5.658390824950240,0.0746,4.276,9531.594,
4.214520273190310,0.07546436964783990,5.662176420445980,0.0746,4.276,9538.297,
4.214500446461940,0.0743016825823549,5.67976979991469,0.0741,4.276,9545.016,
4.214536287945020,0.07225999398430510,5.685093140912010,0.0746,4.276,9551.766,
4.214350458951620,0.07446407029774110,5.685936251607390,0.0746,4.276,9558.453,
4.214515383784530,0.07287498203587180,5.691500645884540,0.0741,4.276,9565.156,
4.214477687406580,0.07533454884839890,5.692222228956910,0.0741,4.276,9571.875,
4.214472533684360,0.07404401020936690,5.700619029222300,0.0741,4.276,9578.578,
4.214594585505840,0.07348925383850820,5.725626921015890,0.0741,4.276,9585.297,
4.211814267582560,0.05816199321480660,5.742139371009360,0.0572,4.263,9592.031,
4.2116527622731000,0.05735514459410320,5.74612350432454,0.0577,4.263,9598.75,
4.211511097338100,0.05859148019582270,5.7543950577424700,0.0583,4.263,9605.453,
4.211423967830780,0.05949767296475760,5.754474791261370,0.0583,4.263,9612.172,
4.211366321910270,0.058089774050989400,5.7611362860301500,0.0583,4.263,9618.875,
4.211367680351650,0.05657584592893760,5.777121792869590,0.0583,4.263,9625.609,
4.211115606109830,0.05513507447918390,5.781755123010190,0.0588,4.263,9632.313,
4.211321515725580,0.057991659912181100,5.782546253430280,0.0588,4.263,9639.031,
4.21115548384187,0.05919757576838020,5.8085804473102600,0.0588,4.263,9645.734,
4.2110155456374900,0.0588880544036054,5.828464213677400,0.0588,4.263,9652.484,
4.2110328589271700,0.056874831031719700,5.835851425563270,0.0588,4.263,9659.188,
4.211149103949540,0.0569704338220789,5.843788904164810,0.0588,4.263,9665.891,
4.210942817376080,0.05768094953956800,5.846208564742750,0.0588,4.263,9672.609,
4.211061528760010,0.058419857908725500,5.853637040890110,0.0588,4.263,9679.313,
4.211002718333340,0.05836880768641340,5.863301643505510,0.0588,4.263,9686.078,
4.210833657918080,0.05775056687572230,5.8561381437294700,0.0588,4.263,9692.75,
4.211126604934850,0.05898948032203800,5.8730315815912500,0.0588,4.263,9699.438,
4.210914493557010,0.057709330847286400,5.879575657537170,0.0588,4.263,9706.125,
4.210963103752760,0.05868242803126570,5.898683195683350,0.0588,4.263,9712.813,
4.210862401665790,0.05671371610651630,5.9080570317156300,0.0594,4.263,9719.5,
4.21090864223639,0.05855146333373570,5.912238753169450,0.0588,4.263,9726.203,
4.210971358027620,0.05932395282898260,5.918243147478690,0.0588,4.263,9732.906,
4.210870476336260,0.058994371745170400,5.938546764230610,0.0594,4.263,9739.625,
4.210963997718270,0.05809973567477890,5.9457780156708100,0.0588,4.263,9746.328,
4.210897804270730,0.060043948972294900,5.951673571181580,0.0588,4.263,9753.063,
4.210836887357650,0.058099498506422700,5.959140523685550,0.0588,4.263,9759.766,
4.210867545087680,0.060040833414644800,5.972825352484030,0.0588,4.263,9766.484,
4.210966792788230,0.058586318009529800,5.9808909576883200,0.0588,4.263,9773.188,
4.210929247950710,0.05960341105227930,5.995303949271920,0.0594,4.263,9779.906,
4.210988030823680,0.058448170044851700,6.008037313432880,0.0588,4.263,9786.641,
4.210959158506430,0.058650358552251400,6.011897486298570,0.0594,4.263,9793.344,
4.210913175551050,0.05752743660023140,6.023767219398460,0.0594,4.263,9800.063,
4.210952503730930,0.05874690417864150,6.038511386353100,0.0588,4.263,9806.766,
4.210918953517810,0.05857797623169450,6.037277349354100,0.0588,4.263,9813.563,
4.210869688042470,0.05938694903152480,6.052139914842680,0.0588,4.263,9820.234,
4.211026969578570,0.05776945041402750,6.051740489759780,0.0594,4.263,9827.766,
4.210928517320050,0.05883245190529370,6.064772053473190,0.0588,4.263,9834.484,
4.210991166684290,0.058789156651319900,6.074917738021480,0.0594,4.263,9841.203,
4.210859283655790,0.05892492319744180,6.0884748022935300,0.0588,4.263,9847.938,
4.210923283661480,0.05875011790789780,6.107501007754640,0.0588,4.263,9854.672,
4.210769612709970,0.05735657450431920,6.114778493449700,0.0594,4.263,9861.406,
4.211050399573880,0.057946029651730700,6.117772275348820,0.0588,4.263,9868.125,
4.2109048062150600,0.05878391614959340,6.124138646755690,0.0588,4.263,9874.844,
4.211140827477320,0.05780216620451730,6.138096313935220,0.0588,4.263,9881.578,
4.2109428974280600,0.05950312131149610,6.158522567672610,0.0588,4.263,9888.281,
4.210951285306660,0.060067270929982000,6.167402604866550,0.0588,4.263,9895.016,
4.210906762835230,0.05792429306224390,6.18123155270942,0.0588,4.263,9901.734,
4.210834718459530,0.059585792025587000,6.195200256000110,0.0588,4.263,9908.5,
4.211294266966430,0.05779570467670710,6.211019837424490,0.0588,4.263,9915.219,
4.210900656939960,0.05817139858485370,6.212034554843400,0.0588,4.263,9921.938,
4.210910500814210,0.057480664218508100,6.2266424363256800,0.0588,4.263,9928.688,
4.210886045801620,0.058760782352691500,6.227122190289600,0.0588,4.263,9935.406,
4.211005719811770,0.05798890349205460,6.233401568455920,0.0588,4.263,9942.234,
4.2112149252923200,0.05719499383273730,6.2492076627595000,0.0588,4.263,9948.953,
4.211205614454610,0.05762777365312310,6.248708521428430,0.0588,4.263,9955.656,
4.210973539591900,0.05789020175870220,6.2632268937997400,0.0588,4.263,9962.375,
4.211005070706760,0.056732000412088000,6.258852305860890,0.0588,4.263,9969.891,
4.211091735189090,0.056850844497949200,6.228696121980370,0.0588,4.263,9976.609,
4.211060703082090,0.05874904118292140,6.151904893407200,0.0588,4.263,9983.375,
4.211165473656380,0.05765205458016710,5.978242358662080,0.0588,4.263,9990.109,
4.211062273626530,0.05664479946452560,5.795922799895800,0.0588,4.263,9996.828,
4.21116061315079,0.05832975615007170,5.679258612005400,0.0588,4.263,10003.547,
4.211204168672080,0.057762522152997700,5.568773820245530,0.0588,4.263,10010.281,
4.211153825307400,0.05810177027630710,5.505516632123660,0.0588,4.263,10017.016,
4.211243177125810,0.05729287279231520,5.449424740568810,0.0588,4.263,10023.734,
4.21125671956971,0.05670881419704570,5.410943047996780,0.0583,4.263,10030.453,
4.2114741990483400,0.06006693982095970,5.377373994311560,0.0583,4.263,10037.188,
4.211296799426140,0.05718878574647230,5.30636893803792,0.0583,4.263,10043.906,
4.2115053791703100,0.05689514870716850,5.248447253729080,0.0583,4.263,10050.625,
4.2114986602929800,0.056491047908734600,5.178592558662080,0.0583,4.263,10057.359,
4.211464500664400,0.05602811107479190,5.131666575850770,0.0583,4.263,10064.078,
4.211556710514380,0.05702133995968330,5.088835527468900,0.0577,4.263,10070.813,
4.211518626019130,0.05758942923694910,4.996402080261960,0.0577,4.263,10077.547,
4.211590041520290,0.05729935035780200,4.947312793534290,0.0583,4.263,10084.266,
4.2117081188032600,0.05704386372247960,4.869737219779340,0.0577,4.263,10090.984,
4.211685299589030,0.056034014039671200,4.832397138729570,0.0577,4.263,10097.703,
4.2118074839391800,0.05572078123098820,4.774323110888040,0.0577,4.263,10104.438,
4.21168228407537,0.056977161626521200,4.721755243522660,0.0577,4.263,10111.156,
4.211767862971120,0.055346540543660700,4.693380320843530,0.0577,4.263,10117.875,
4.21192520706676,0.05704251039976640,4.6293478731362400,0.0577,4.263,10124.609,
4.2120479761608500,0.057058162415232500,4.543499667853580,0.0572,4.263,10131.344,
4.212127899425610,0.05638710046396170,4.464977285198690,0.0577,4.263,10138.078,
4.212004829278350,0.056347332152745300,4.421707899884250,0.0572,4.263,10144.813,
4.2121766640498100,0.0568466932356862,4.391908769518010,0.0572,4.263,10151.531,
4.211937933111590,0.057296606186628500,4.358202275987090,0.0566,4.263,10158.266,
4.21201671491171,0.05589663209861530,4.372406662108230,0.0572,4.263,10165.031,
4.212065061128430,0.05444874655936380,4.444146923808260,0.0566,4.263,10171.734,
4.21230629633362,0.05593538626183340,4.53390561971661,0.0566,4.263,10178.469,
4.212426922445130,0.0565266207059146,4.637930903966490,0.0566,4.263,10185.188,
4.212525740072940,0.056509100999775300,4.676324105266990,0.0566,4.263,10191.906,
4.2124946940537400,0.05617172136997210,4.691052649994190,0.0566,4.263,10198.641,
4.212451038388530,0.055587342813371600,4.703242364778130,0.0566,4.263,10205.359,
4.21242535777916,0.05517988682903340,4.7510227485814,0.0561,4.263,10212.094,
4.212363072160000,0.0563482146511112,4.779005842579580,0.0566,4.263,10218.813,
4.212433924515750,0.056596290242029400,4.800040984696420,0.0561,4.263,10225.531,
4.212397646560150,0.056182788151096200,4.835735380682160,0.0561,4.263,10232.281,
4.21248906507435,0.05623996515435230,4.849373217590040,0.0561,4.263,10239.016,
4.212564210963550,0.0570418992134712,4.86778890258911,0.0561,4.263,10245.781,
4.2126237961265200,0.054632455693323700,4.878176058239500,0.0561,4.263,10252.5,
4.212767030793130,0.05326884177969760,4.880233280206650,0.0561,4.263,10259.203,
4.21277974248631,0.05410307693573970,4.8890506839650800,0.0561,4.263,10265.938,
4.212688099393820,0.05362300648367960,4.907862708484100,0.0561,4.263,10272.656,
4.212693601819590,0.05394081075950300,4.926252300783110,0.0556,4.263,10279.375,
4.2124657670119800,0.05550672638785910,4.9245109739624100,0.0556,4.263,10286.094,
4.212743465545770,0.05499979800108900,4.9449454950059900,0.0561,4.263,10292.844,
4.212833248076680,0.05509276307686940,4.9432852830442000,0.0561,4.263,10299.563,
4.21280352453525,0.05448546595239390,4.950801754391930,0.0556,4.263,10306.266,
4.212873901794520,0.0554913487880024,4.974466809476240,0.0556,4.263,10312.984,
4.212841346180430,0.0538166441930597,4.992447018906530,0.0556,4.263,10319.703,
4.212859154273510,0.055066373042437500,4.999084782597870,0.0556,4.263,10326.438,
4.21284515015453,0.05460222034614500,5.014320335494430,0.0556,4.263,10333.156,
4.21283118424515,0.05492098639396410,5.0209178219483900,0.0556,4.263,10339.875,
4.212849112192180,0.0555098334743858,5.020345369860900,0.0556,4.263,10346.578,
4.212933855802510,0.055991085149688300,5.025976209759780,0.0556,4.263,10353.328,
4.21297266807953,0.05534326240219400,5.025148129256900,0.0556,4.263,10360.047,
4.212911589679070,0.05481091260807020,5.044157709590790,0.0556,4.263,10366.766,
4.21293996610708,0.05467713250430460,5.054459741356470,0.0556,4.263,10373.484,
4.212998069034830,0.053898672039583600,5.052041776388760,0.0556,4.263,10380.188,
4.2129705116693400,0.0554311615343047,5.066975008449100,0.055,4.263,10386.922,
4.212979720965990,0.054720407066453700,5.078542206335300,0.0556,4.263,10393.641,
4.213064508397710,0.05359241890485600,5.084015105027570,0.055,4.263,10400.344,
4.213076823568200,0.05575934748176300,5.087888236661460,0.055,4.263,10407.063,
4.213114261588200,0.05409635151192310,5.108977391183700,0.055,4.263,10413.766,
4.2131974671966900,0.05460960343386360,5.120769258289810,0.055,4.263,10420.5,
4.212939376437710,0.052896610023492700,5.11124315263353,0.055,4.263,10427.203,
4.213061095900620,0.05498261637067810,5.135558101374240,0.055,4.263,10433.922,
4.213020529623520,0.05453487494277830,5.142646290978510,0.055,4.263,10440.625,
4.21331819498519,0.054190209781522000,5.146442646965070,0.055,4.263,10447.344,
4.213007764269800,0.05414288957349530,5.171517569092020,0.055,4.263,10454.078,
4.213113283975130,0.05408083259449700,5.174495902592780,0.055,4.263,10460.797,
4.213337739066580,0.05401556390386420,5.173387664391400,0.055,4.263,10467.531,
4.213245444546160,0.05384485650388250,5.188588671012970,0.055,4.263,10474.203,
4.213421370535890,0.054023721250480500,5.206565559736560,0.055,4.263,10480.938,
4.213260586941960,0.05529923357589550,5.222730217043240,0.055,4.263,10487.656,
4.213309612077080,0.05355484894724180,5.237619194731310,0.0545,4.263,10494.359,
4.213357628223600,0.05491053470727290,5.2406059832749800,0.055,4.263,10501.078,
4.213409310100330,0.05423902151450330,5.25828268484153,0.055,4.263,10507.797,
4.213471769056200,0.05608211793373940,5.261690654507470,0.055,4.263,10514.531,
4.213521730274030,0.05296676349227370,5.288698408880400,0.0545,4.263,10521.234,
4.21342339210735,0.05367826958921160,5.300081512999880,0.0545,4.263,10527.953,
4.213515437041290,0.05360354610615390,5.302240320908330,0.0545,4.263,10534.672,
4.213460285741990,0.05537439658384920,5.300702503154460,0.0545,4.263,10541.375,
4.21356854719604,0.05456493341899220,5.301355714147680,0.0545,4.263,10548.109,
4.213426442218660,0.05246057348985130,5.330926122404330,0.0545,4.263,10554.813,
4.2134854596319900,0.05373951609342070,5.34248505028,0.0545,4.263,10561.531,
4.213543642200900,0.052938862191927000,5.336950699360090,0.0545,4.263,10568.234,
4.2134763154347600,0.05355600259296950,5.345789295034140,0.0545,4.263,10574.953,
4.213566332845370,0.05261322380939380,5.373004843281650,0.0545,4.263,10581.688,
4.213590332733730,0.054357087842474300,5.393898957085680,0.0545,4.263,10588.391,
4.213692567576690,0.05361665472026170,5.399860490695240,0.0545,4.263,10595.109,
4.213729773977670,0.053673643662174900,5.41724834743601,0.0545,4.263,10601.813,
4.213679748763880,0.053340463170627600,5.415628385776870,0.0545,4.263,10608.531,
4.213650716519090,0.0529319299219275,5.426839018485330,0.0545,4.263,10615.266,
4.2134617066928500,0.054068031160499400,5.446183273065850,0.0545,4.263,10621.969,
4.213654975390030,0.05231046822505260,5.448276513969760,0.0539,4.263,10628.688,
4.213651215217410,0.05347389971358260,5.4632940706346700,0.0545,4.263,10635.391,
4.213632053168570,0.053983945099186300,5.474925687205040,0.0539,4.263,10642.141,
4.213690829256200,0.05231381988813770,5.485983131146220,0.0539,4.263,10648.844,
4.213633728436540,0.05245737297847030,5.501680557304960,0.0545,4.263,10655.563,
4.213739364402600,0.05322302455589470,5.5171995625238100,0.0539,4.263,10662.266,
4.213892598996490,0.05308145030682410,5.521734723541130,0.0539,4.263,10668.969,
4.213872658278920,0.05340105205805990,5.53899180029758,0.0539,4.263,10675.703,
4.213963364328630,0.0518066331552298,5.5319400889814500,0.0539,4.263,10682.422,
4.213877832121250,0.05430748736416240,5.538367846572660,0.0539,4.263,10689.125,
4.213843437960060,0.05271257197681000,5.551208866910210,0.0539,4.263,10695.828,
4.213913782401850,0.0530925448899067,5.569238430198020,0.0539,4.263,10702.547,
4.213808004251830,0.05294895144809530,5.574542766542150,0.0539,4.263,10709.281,
4.214000427227860,0.052340824564013500,5.577922060030710,0.0534,4.263,10715.984,
4.213886895852330,0.053575068047377900,5.596702923030680,0.0539,4.263,10722.703,
4.213920141805270,0.052836785643580300,5.589760666803550,0.0539,4.263,10729.406,
4.213961646498580,0.053238833021824400,5.60958088657367,0.0539,4.263,10736.125,
4.213791194888220,0.054054650168126900,5.630004616383660,0.0539,4.263,10742.859,
4.213933533477680,0.05328816208706940,5.632308934050850,0.0539,4.263,10749.563,
4.2139901007324900,0.054298915917970700,5.626231805189890,0.0539,4.263,10756.281,
4.213976519475620,0.05495790177222420,5.6416330522085400,0.0534,4.263,10762.984,
4.213985342730350,0.052831589204814700,5.650526507440190,0.0534,4.263,10769.734,
4.213929893157860,0.05358423306188180,5.650153534470650,0.0534,4.263,10776.438,
4.214201502798380,0.05324418312982500,5.669955230380240,0.0534,4.263,10783.156,
4.213893676864720,0.054502909428361700,5.6876387889863600,0.0534,4.263,10789.875,
4.214060013468480,0.051309217849142100,5.708888446517910,0.0534,4.263,10796.578,
4.214222416852740,0.051523349577228000,5.702059680886420,0.0534,4.263,10803.313,